INSERT INTO MASCOTA (MASCOTA_ID,NOMBRE,ESPECIE_ID) VALUES
	 (1,'1',1),
	 (2,'2',1),
	 (3,'3',1),
	 (4,'4',1),
	 (5,'5',1),
	 (6,'6',1),
	 (7,'7',1),
	 (8,'8',1),
	 (9,'9',1),
	 (10,'10',1);
INSERT INTO MASCOTA (MASCOTA_ID,NOMBRE,ESPECIE_ID) VALUES
	 (11,'11',1),
	 (12,'12',1),
	 (13,'13',1),
	 (14,'14',1),
	 (15,'15',1),
	 (16,'16',1),
	 (17,'17',1),
	 (18,'18',1),
	 (19,'19',1),
	 (20,'20',1);
INSERT INTO MASCOTA (MASCOTA_ID,NOMBRE,ESPECIE_ID) VALUES
	 (21,'21',1),
	 (22,'22',1),
	 (23,'23',1),
	 (24,'24',1),
	 (25,'25',1),
	 (26,'26',1),
	 (27,'27',1),
	 (28,'28',1),
	 (29,'29',1),
	 (30,'30',1);
INSERT INTO MASCOTA (MASCOTA_ID,NOMBRE,ESPECIE_ID) VALUES
	 (31,'31',1),
	 (32,'32',1),
	 (33,'33',1),
	 (34,'34',1),
	 (35,'35',1),
	 (36,'36',1),
	 (37,'37',1),
	 (38,'38',1),
	 (39,'39',1),
	 (40,'40',1);
INSERT INTO MASCOTA (MASCOTA_ID,NOMBRE,ESPECIE_ID) VALUES
	 (41,'41',1),
	 (42,'42',1),
	 (43,'43',1),
	 (44,'44',1),
	 (45,'45',1),
	 (46,'46',1),
	 (47,'47',1),
	 (48,'48',1),
	 (49,'49',1),
	 (50,'50',1);
INSERT INTO MASCOTA (MASCOTA_ID,NOMBRE,ESPECIE_ID) VALUES
	 (51,'60',1),
	 (52,'1000',1),
	 (53,'61',1),
	 (54,'1002',1),
	 (55,'1003',1),
	 (56,'62',1),
	 (57,'63',1),
	 (58,'1007',1),
	 (59,'64',1),
	 (60,'1009',1);
INSERT INTO MASCOTA (MASCOTA_ID,NOMBRE,ESPECIE_ID) VALUES
	 (61,'65',1),
	 (62,'1010',1),
	 (63,'66',1),
	 (64,'67',1),
	 (65,'1014',1),
	 (66,'68',1),
	 (67,'1018',1),
	 (68,'69',1),
	 (69,'1036',1),
	 (70,'70',1);
INSERT INTO MASCOTA (MASCOTA_ID,NOMBRE,ESPECIE_ID) VALUES
	 (71,'71',1),
	 (72,'72',1),
	 (73,'1048',1),
	 (74,'73',1),
	 (75,'1053',1),
	 (76,'74',1),
	 (77,'1066',1),
	 (78,'75',1),
	 (79,'76',1),
	 (80,'1067',1);
INSERT INTO MASCOTA (MASCOTA_ID,NOMBRE,ESPECIE_ID) VALUES
	 (81,'77',1),
	 (82,'1074',1),
	 (83,'1081',1),
	 (84,'78',1),
	 (85,'1082',1),
	 (86,'79',1),
	 (87,'1083',1),
	 (88,'3485',1),
	 (89,'1095',1),
	 (90,'1100',1);
INSERT INTO MASCOTA (MASCOTA_ID,NOMBRE,ESPECIE_ID) VALUES
	 (91,'3500',1),
	 (92,'3505',1),
	 (93,'1116',1),
	 (94,'3507',1),
	 (95,'1121',1),
	 (96,'3512',1),
	 (97,'3524',1),
	 (98,'1122',1),
	 (99,'3528',1),
	 (100,'1129',1);
INSERT INTO MASCOTA (MASCOTA_ID,NOMBRE,ESPECIE_ID) VALUES
	 (101,'3530',1),
	 (102,'1136',1),
	 (103,'3592',1),
	 (104,'1144',1),
	 (105,'3595',1),
	 (106,'1157',1),
	 (107,'3601',1),
	 (108,'3631',1),
	 (109,'1166',1),
	 (110,'3701',1);
INSERT INTO MASCOTA (MASCOTA_ID,NOMBRE,ESPECIE_ID) VALUES
	 (111,'1174',1),
	 (112,'3752',1),
	 (113,'3780',1),
	 (114,'1183',1),
	 (115,'3788',1),
	 (116,'1186',1),
	 (117,'3789',1),
	 (118,'1191',1),
	 (119,'3793',1),
	 (120,'3809',1);
INSERT INTO MASCOTA (MASCOTA_ID,NOMBRE,ESPECIE_ID) VALUES
	 (121,'1207',1),
	 (122,'1215',1),
	 (123,'3848',1),
	 (124,'3907',1),
	 (125,'1217',1),
	 (126,'3910',1),
	 (127,'1219',1),
	 (128,'3913',1),
	 (129,'1223',1),
	 (130,'3914',1);
INSERT INTO MASCOTA (MASCOTA_ID,NOMBRE,ESPECIE_ID) VALUES
	 (131,'1224',1),
	 (132,'3917',1),
	 (133,'1227',1),
	 (134,'3923',1),
	 (135,'3931',1),
	 (136,'1232',1),
	 (137,'3933',1),
	 (138,'3950',1),
	 (139,'1235',1),
	 (140,'3961',1);
INSERT INTO MASCOTA (MASCOTA_ID,NOMBRE,ESPECIE_ID) VALUES
	 (141,'4026',1),
	 (142,'1238',1),
	 (143,'4053',1),
	 (144,'1279',1),
	 (145,'4073',1),
	 (146,'1329',1),
	 (147,'4077',1),
	 (148,'1343',1),
	 (149,'1360',1),
	 (150,'1372',1);
INSERT INTO MASCOTA (MASCOTA_ID,NOMBRE,ESPECIE_ID) VALUES
	 (151,'1373',1),
	 (152,'4102',1),
	 (153,'1377',1),
	 (154,'1381',1),
	 (155,'4107',1),
	 (156,'1382',1),
	 (157,'4191',1),
	 (158,'1385',1),
	 (159,'4194',1),
	 (160,'1387',1);
INSERT INTO MASCOTA (MASCOTA_ID,NOMBRE,ESPECIE_ID) VALUES
	 (161,'4210',1),
	 (162,'4229',1),
	 (163,'1395',1),
	 (164,'6000',1),
	 (165,'4230',1),
	 (166,'4235',1),
	 (167,'1399',1),
	 (168,'6004',1),
	 (169,'1401',1),
	 (170,'6007',1);
INSERT INTO MASCOTA (MASCOTA_ID,NOMBRE,ESPECIE_ID) VALUES
	 (171,'4240',1),
	 (172,'1409',1),
	 (173,'4243',1),
	 (174,'6010',1),
	 (175,'1431',1),
	 (176,'4272',1),
	 (177,'6012',1),
	 (178,'4274',1),
	 (179,'1432',1),
	 (180,'6016',1);
INSERT INTO MASCOTA (MASCOTA_ID,NOMBRE,ESPECIE_ID) VALUES
	 (181,'1434',1),
	 (182,'4282',1),
	 (183,'6017',1),
	 (184,'4299',1),
	 (185,'1444',1),
	 (186,'4303',1),
	 (187,'4307',1),
	 (188,'1452',1),
	 (189,'6019',1),
	 (190,'4338',1);
INSERT INTO MASCOTA (MASCOTA_ID,NOMBRE,ESPECIE_ID) VALUES
	 (191,'6020',1),
	 (192,'1460',1),
	 (193,'4340',1),
	 (194,'6022',1),
	 (195,'1468',1),
	 (196,'4341',1),
	 (197,'6025',1),
	 (198,'4642',1),
	 (199,'1470',1),
	 (200,'4350',1);
INSERT INTO MASCOTA (MASCOTA_ID,NOMBRE,ESPECIE_ID) VALUES
	 (201,'6026',1),
	 (202,'4352',1),
	 (203,'1476',1),
	 (204,'6027',1),
	 (205,'4353',1),
	 (206,'1477',1),
	 (207,'6028',1),
	 (208,'4354',1),
	 (209,'1486',1),
	 (210,'4385',1);
INSERT INTO MASCOTA (MASCOTA_ID,NOMBRE,ESPECIE_ID) VALUES
	 (211,'6030',1),
	 (212,'1495',1),
	 (213,'4390',1),
	 (214,'6038',1),
	 (215,'4391',1),
	 (216,'1498',1),
	 (217,'6040',1),
	 (218,'4393',1),
	 (219,'4397',1),
	 (220,'6041',1);
INSERT INTO MASCOTA (MASCOTA_ID,NOMBRE,ESPECIE_ID) VALUES
	 (221,'1508',1),
	 (222,'4400',1),
	 (223,'6042',1),
	 (224,'1509',1),
	 (225,'4401',1),
	 (226,'6045',1),
	 (227,'4404',1),
	 (228,'1516',1),
	 (229,'1525',1),
	 (230,'4407',1);
INSERT INTO MASCOTA (MASCOTA_ID,NOMBRE,ESPECIE_ID) VALUES
	 (231,'6046',1),
	 (232,'4411',1),
	 (233,'1526',1),
	 (234,'4413',1),
	 (235,'6047',1),
	 (236,'4416',1),
	 (237,'1529',1),
	 (238,'6049',1),
	 (239,'4427',1),
	 (240,'1531',1);
INSERT INTO MASCOTA (MASCOTA_ID,NOMBRE,ESPECIE_ID) VALUES
	 (241,'4434',1),
	 (242,'4436',1),
	 (243,'6051',1),
	 (244,'1546',1),
	 (245,'4437',1),
	 (246,'6055',1),
	 (247,'4464',1),
	 (248,'1549',1),
	 (249,'4465',1),
	 (250,'6064',1);
INSERT INTO MASCOTA (MASCOTA_ID,NOMBRE,ESPECIE_ID) VALUES
	 (251,'4466',1),
	 (252,'1564',1),
	 (253,'4467',1),
	 (254,'6065',1),
	 (255,'4468',1),
	 (256,'4473',1),
	 (257,'6066',1),
	 (258,'1593',1),
	 (259,'4478',1),
	 (260,'4480',1);
INSERT INTO MASCOTA (MASCOTA_ID,NOMBRE,ESPECIE_ID) VALUES
	 (261,'4491',1),
	 (262,'6067',1),
	 (263,'1596',1),
	 (264,'4492',1),
	 (265,'6070',1),
	 (266,'4502',1),
	 (267,'6072',1),
	 (268,'4512',1),
	 (269,'4515',1),
	 (270,'1640',1);
INSERT INTO MASCOTA (MASCOTA_ID,NOMBRE,ESPECIE_ID) VALUES
	 (271,'4516',1),
	 (272,'6073',1),
	 (273,'4531',1),
	 (274,'1652',1),
	 (275,'4535',1),
	 (276,'6075',1),
	 (277,'4537',1),
	 (278,'4539',1),
	 (279,'1682',1),
	 (280,'6078',1);
INSERT INTO MASCOTA (MASCOTA_ID,NOMBRE,ESPECIE_ID) VALUES
	 (281,'4541',1),
	 (282,'4546',1),
	 (283,'4547',1),
	 (284,'1693',1),
	 (285,'6079',1),
	 (286,'4551',1),
	 (287,'1701',1),
	 (288,'1702',1),
	 (289,'1706',1),
	 (290,'1722',1);
INSERT INTO MASCOTA (MASCOTA_ID,NOMBRE,ESPECIE_ID) VALUES
	 (291,'1730',1),
	 (292,'1732',1),
	 (293,'1737',1),
	 (294,'1761',1),
	 (295,'1766',1),
	 (296,'1767',1),
	 (297,'1776',1),
	 (298,'1782',1),
	 (299,'1789',1),
	 (300,'1800',1);
INSERT INTO MASCOTA (MASCOTA_ID,NOMBRE,ESPECIE_ID) VALUES
	 (301,'1801',1),
	 (302,'1807',1),
	 (303,'1821',1),
	 (304,'1837',1),
	 (305,'1838',1),
	 (306,'1849',1),
	 (307,'1851',1),
	 (308,'1863',1),
	 (309,'1872',1),
	 (310,'1874',1);
INSERT INTO MASCOTA (MASCOTA_ID,NOMBRE,ESPECIE_ID) VALUES
	 (311,'1884',1),
	 (312,'1886',1),
	 (313,'1902',1),
	 (314,'1906',1),
	 (315,'1908',1),
	 (316,'1910',1),
	 (317,'1919',1),
	 (318,'1940',1),
	 (319,'1950',1),
	 (320,'1954',1);

INSERT INTO MASCOTA_VALOR (MASCOTAS_MASCOTA_ID,VALORES_VALOR_ID) VALUES
	 (1,2),
	 (1,4),
	 (1,7),
	 (1,12),
	 (1,14),
	 (1,19),
	 (1,26),
	 (1,29),
	 (1,34),
	 (1,37);
INSERT INTO MASCOTA_VALOR (MASCOTAS_MASCOTA_ID,VALORES_VALOR_ID) VALUES
	 (1,40),
	 (1,43),
	 (2,1),
	 (2,4),
	 (2,8),
	 (2,12),
	 (2,14),
	 (2,20),
	 (2,26),
	 (2,29);
INSERT INTO MASCOTA_VALOR (MASCOTAS_MASCOTA_ID,VALORES_VALOR_ID) VALUES
	 (2,35),
	 (2,38),
	 (2,43),
	 (3,2),
	 (3,4),
	 (3,7),
	 (3,10),
	 (3,15),
	 (3,29),
	 (3,35);
INSERT INTO MASCOTA_VALOR (MASCOTAS_MASCOTA_ID,VALORES_VALOR_ID) VALUES
	 (3,42),
	 (3,44),
	 (4,2),
	 (4,4),
	 (4,8),
	 (4,10),
	 (4,90),
	 (4,29),
	 (4,38),
	 (4,40);
INSERT INTO MASCOTA_VALOR (MASCOTAS_MASCOTA_ID,VALORES_VALOR_ID) VALUES
	 (4,44),
	 (5,10),
	 (5,15),
	 (5,26),
	 (5,29),
	 (5,34),
	 (5,40),
	 (5,43),
	 (6,1),
	 (6,3);
INSERT INTO MASCOTA_VALOR (MASCOTAS_MASCOTA_ID,VALORES_VALOR_ID) VALUES
	 (6,12),
	 (6,14),
	 (6,20),
	 (6,26),
	 (6,29),
	 (6,34),
	 (6,37),
	 (6,40),
	 (6,43),
	 (7,2);
INSERT INTO MASCOTA_VALOR (MASCOTAS_MASCOTA_ID,VALORES_VALOR_ID) VALUES
	 (7,4),
	 (7,7),
	 (7,10),
	 (7,15),
	 (7,26),
	 (7,29),
	 (7,34),
	 (7,38),
	 (7,40),
	 (8,2);
INSERT INTO MASCOTA_VALOR (MASCOTAS_MASCOTA_ID,VALORES_VALOR_ID) VALUES
	 (8,5),
	 (8,8),
	 (8,15),
	 (8,20),
	 (8,26),
	 (8,29),
	 (8,35),
	 (8,38),
	 (8,40),
	 (8,43);
INSERT INTO MASCOTA_VALOR (MASCOTAS_MASCOTA_ID,VALORES_VALOR_ID) VALUES
	 (9,3),
	 (9,7),
	 (9,12),
	 (9,14),
	 (9,26),
	 (9,29),
	 (9,34),
	 (9,37),
	 (9,40),
	 (9,43);
INSERT INTO MASCOTA_VALOR (MASCOTAS_MASCOTA_ID,VALORES_VALOR_ID) VALUES
	 (10,2),
	 (10,5),
	 (10,8),
	 (10,10),
	 (10,90),
	 (10,27),
	 (10,35),
	 (10,38),
	 (10,42),
	 (10,43);
INSERT INTO MASCOTA_VALOR (MASCOTAS_MASCOTA_ID,VALORES_VALOR_ID) VALUES
	 (11,2),
	 (11,4),
	 (11,8),
	 (11,10),
	 (11,14),
	 (11,26),
	 (11,29),
	 (11,35),
	 (11,38),
	 (11,42);
INSERT INTO MASCOTA_VALOR (MASCOTAS_MASCOTA_ID,VALORES_VALOR_ID) VALUES
	 (11,43),
	 (12,2),
	 (12,4),
	 (12,7),
	 (12,10),
	 (12,15),
	 (12,29),
	 (12,34),
	 (12,42),
	 (13,4);
INSERT INTO MASCOTA_VALOR (MASCOTAS_MASCOTA_ID,VALORES_VALOR_ID) VALUES
	 (13,7),
	 (13,12),
	 (13,15),
	 (13,20),
	 (13,35),
	 (13,36),
	 (13,40),
	 (13,43),
	 (14,1),
	 (14,4);
INSERT INTO MASCOTA_VALOR (MASCOTAS_MASCOTA_ID,VALORES_VALOR_ID) VALUES
	 (14,7),
	 (14,10),
	 (14,15),
	 (14,26),
	 (14,34),
	 (14,40),
	 (14,43),
	 (15,3),
	 (15,7),
	 (15,12);
INSERT INTO MASCOTA_VALOR (MASCOTAS_MASCOTA_ID,VALORES_VALOR_ID) VALUES
	 (15,15),
	 (15,20),
	 (15,26),
	 (15,34),
	 (15,40),
	 (15,43),
	 (16,3),
	 (16,7),
	 (16,12),
	 (16,15);
INSERT INTO MASCOTA_VALOR (MASCOTAS_MASCOTA_ID,VALORES_VALOR_ID) VALUES
	 (16,20),
	 (16,34),
	 (16,38),
	 (16,40),
	 (16,44),
	 (17,2),
	 (17,3),
	 (17,7),
	 (17,10),
	 (17,16);
INSERT INTO MASCOTA_VALOR (MASCOTAS_MASCOTA_ID,VALORES_VALOR_ID) VALUES
	 (17,26),
	 (17,29),
	 (17,34),
	 (17,42),
	 (18,1),
	 (18,4),
	 (18,7),
	 (18,12),
	 (18,15),
	 (18,20);
INSERT INTO MASCOTA_VALOR (MASCOTAS_MASCOTA_ID,VALORES_VALOR_ID) VALUES
	 (18,27),
	 (18,29),
	 (18,35),
	 (18,38),
	 (18,41),
	 (19,2),
	 (19,4),
	 (19,7),
	 (19,10),
	 (19,90);
INSERT INTO MASCOTA_VALOR (MASCOTAS_MASCOTA_ID,VALORES_VALOR_ID) VALUES
	 (19,28),
	 (19,29),
	 (19,35),
	 (19,38),
	 (19,41),
	 (19,43),
	 (20,2),
	 (20,5),
	 (20,7),
	 (20,10);
INSERT INTO MASCOTA_VALOR (MASCOTAS_MASCOTA_ID,VALORES_VALOR_ID) VALUES
	 (20,14),
	 (20,26),
	 (20,29),
	 (20,35),
	 (20,38),
	 (20,40),
	 (20,43),
	 (21,2),
	 (21,5),
	 (21,8);
INSERT INTO MASCOTA_VALOR (MASCOTAS_MASCOTA_ID,VALORES_VALOR_ID) VALUES
	 (21,10),
	 (21,26),
	 (21,29),
	 (21,35),
	 (21,43),
	 (22,2),
	 (22,4),
	 (22,8),
	 (22,12),
	 (22,15);
INSERT INTO MASCOTA_VALOR (MASCOTAS_MASCOTA_ID,VALORES_VALOR_ID) VALUES
	 (22,18),
	 (22,28),
	 (22,29),
	 (22,35),
	 (22,38),
	 (22,42),
	 (22,43),
	 (23,1),
	 (23,5),
	 (23,7);
INSERT INTO MASCOTA_VALOR (MASCOTAS_MASCOTA_ID,VALORES_VALOR_ID) VALUES
	 (23,10),
	 (23,15),
	 (23,26),
	 (23,35),
	 (23,37),
	 (23,41),
	 (23,43),
	 (24,3),
	 (24,7),
	 (24,26);
INSERT INTO MASCOTA_VALOR (MASCOTAS_MASCOTA_ID,VALORES_VALOR_ID) VALUES
	 (24,29),
	 (24,34),
	 (24,36),
	 (24,41),
	 (24,43),
	 (25,2),
	 (25,5),
	 (25,10),
	 (25,15),
	 (25,27);
INSERT INTO MASCOTA_VALOR (MASCOTAS_MASCOTA_ID,VALORES_VALOR_ID) VALUES
	 (25,29),
	 (25,35),
	 (25,42),
	 (25,44),
	 (26,2),
	 (26,5),
	 (26,12),
	 (26,15),
	 (26,18),
	 (26,26);
INSERT INTO MASCOTA_VALOR (MASCOTAS_MASCOTA_ID,VALORES_VALOR_ID) VALUES
	 (26,35),
	 (26,41),
	 (26,43),
	 (27,2),
	 (27,5),
	 (27,7),
	 (27,13),
	 (27,15),
	 (27,20),
	 (27,22);
INSERT INTO MASCOTA_VALOR (MASCOTAS_MASCOTA_ID,VALORES_VALOR_ID) VALUES
	 (27,26),
	 (27,29),
	 (27,35),
	 (27,38),
	 (27,41),
	 (27,43),
	 (28,2),
	 (28,7),
	 (28,12),
	 (28,16);
INSERT INTO MASCOTA_VALOR (MASCOTAS_MASCOTA_ID,VALORES_VALOR_ID) VALUES
	 (28,18),
	 (28,27),
	 (28,95),
	 (28,35),
	 (28,40),
	 (29,1),
	 (29,3),
	 (29,8),
	 (29,10),
	 (29,29);
INSERT INTO MASCOTA_VALOR (MASCOTAS_MASCOTA_ID,VALORES_VALOR_ID) VALUES
	 (29,35),
	 (29,37),
	 (29,40),
	 (30,2),
	 (30,5),
	 (30,7),
	 (30,10),
	 (30,15),
	 (30,26),
	 (30,35);
INSERT INTO MASCOTA_VALOR (MASCOTAS_MASCOTA_ID,VALORES_VALOR_ID) VALUES
	 (30,38),
	 (30,41),
	 (31,1),
	 (31,4),
	 (31,7),
	 (31,13),
	 (31,15),
	 (31,18),
	 (31,92),
	 (31,26);
INSERT INTO MASCOTA_VALOR (MASCOTAS_MASCOTA_ID,VALORES_VALOR_ID) VALUES
	 (31,29),
	 (31,34),
	 (31,37),
	 (31,41),
	 (31,43),
	 (32,1),
	 (32,15),
	 (32,26),
	 (32,95),
	 (32,34);
INSERT INTO MASCOTA_VALOR (MASCOTAS_MASCOTA_ID,VALORES_VALOR_ID) VALUES
	 (32,37),
	 (32,42),
	 (33,1),
	 (33,3),
	 (33,8),
	 (33,90),
	 (33,28),
	 (33,34),
	 (33,41),
	 (33,43);
INSERT INTO MASCOTA_VALOR (MASCOTAS_MASCOTA_ID,VALORES_VALOR_ID) VALUES
	 (34,2),
	 (34,5),
	 (34,7),
	 (34,12),
	 (34,18),
	 (34,29),
	 (34,36),
	 (34,41),
	 (34,43),
	 (35,1);
INSERT INTO MASCOTA_VALOR (MASCOTAS_MASCOTA_ID,VALORES_VALOR_ID) VALUES
	 (35,4),
	 (35,7),
	 (35,20),
	 (35,26),
	 (35,29),
	 (35,35),
	 (35,41),
	 (35,43),
	 (36,2),
	 (36,5);
INSERT INTO MASCOTA_VALOR (MASCOTAS_MASCOTA_ID,VALORES_VALOR_ID) VALUES
	 (36,7),
	 (36,12),
	 (36,15),
	 (36,18),
	 (36,27),
	 (36,35),
	 (36,44),
	 (37,1),
	 (37,7),
	 (37,26);
INSERT INTO MASCOTA_VALOR (MASCOTAS_MASCOTA_ID,VALORES_VALOR_ID) VALUES
	 (37,95),
	 (37,94),
	 (37,38),
	 (37,41),
	 (37,43),
	 (38,2),
	 (38,3),
	 (38,13),
	 (38,20),
	 (38,22);
INSERT INTO MASCOTA_VALOR (MASCOTAS_MASCOTA_ID,VALORES_VALOR_ID) VALUES
	 (38,29),
	 (38,34),
	 (38,38),
	 (38,42),
	 (38,43),
	 (39,2),
	 (39,8),
	 (39,13),
	 (39,14),
	 (39,19);
INSERT INTO MASCOTA_VALOR (MASCOTAS_MASCOTA_ID,VALORES_VALOR_ID) VALUES
	 (39,24),
	 (39,28),
	 (39,94),
	 (39,38),
	 (39,42),
	 (39,43),
	 (40,2),
	 (40,3),
	 (40,7),
	 (40,15);
INSERT INTO MASCOTA_VALOR (MASCOTAS_MASCOTA_ID,VALORES_VALOR_ID) VALUES
	 (40,26),
	 (40,29),
	 (40,34),
	 (40,37),
	 (40,40),
	 (40,43),
	 (41,2),
	 (41,4),
	 (41,7),
	 (41,12);
INSERT INTO MASCOTA_VALOR (MASCOTAS_MASCOTA_ID,VALORES_VALOR_ID) VALUES
	 (41,14),
	 (41,20),
	 (41,26),
	 (41,29),
	 (41,38),
	 (41,43),
	 (42,3),
	 (42,7),
	 (42,14),
	 (42,27);
INSERT INTO MASCOTA_VALOR (MASCOTAS_MASCOTA_ID,VALORES_VALOR_ID) VALUES
	 (42,29),
	 (42,34),
	 (42,37),
	 (42,41),
	 (42,43),
	 (43,2),
	 (43,4),
	 (43,7),
	 (43,12),
	 (43,16);
INSERT INTO MASCOTA_VALOR (MASCOTAS_MASCOTA_ID,VALORES_VALOR_ID) VALUES
	 (43,19),
	 (43,26),
	 (43,95),
	 (43,35),
	 (43,37),
	 (43,43),
	 (44,4),
	 (44,8),
	 (44,13),
	 (44,15);
INSERT INTO MASCOTA_VALOR (MASCOTAS_MASCOTA_ID,VALORES_VALOR_ID) VALUES
	 (44,20),
	 (44,22),
	 (44,26),
	 (44,29),
	 (44,94),
	 (44,37),
	 (44,43),
	 (45,2),
	 (45,3),
	 (45,8);
INSERT INTO MASCOTA_VALOR (MASCOTAS_MASCOTA_ID,VALORES_VALOR_ID) VALUES
	 (45,14),
	 (45,26),
	 (45,29),
	 (45,34),
	 (45,37),
	 (45,40),
	 (45,43),
	 (46,2),
	 (46,3),
	 (46,8);
INSERT INTO MASCOTA_VALOR (MASCOTAS_MASCOTA_ID,VALORES_VALOR_ID) VALUES
	 (46,10),
	 (46,14),
	 (46,26),
	 (46,29),
	 (46,34),
	 (46,37),
	 (46,41),
	 (46,43),
	 (47,1),
	 (47,3);
INSERT INTO MASCOTA_VALOR (MASCOTAS_MASCOTA_ID,VALORES_VALOR_ID) VALUES
	 (47,7),
	 (47,12),
	 (47,14),
	 (47,19),
	 (47,27),
	 (47,29),
	 (47,34),
	 (47,38),
	 (47,40),
	 (47,43);
INSERT INTO MASCOTA_VALOR (MASCOTAS_MASCOTA_ID,VALORES_VALOR_ID) VALUES
	 (48,4),
	 (48,12),
	 (48,15),
	 (48,20),
	 (48,27),
	 (48,29),
	 (48,38),
	 (48,40),
	 (48,43),
	 (49,2);
INSERT INTO MASCOTA_VALOR (MASCOTAS_MASCOTA_ID,VALORES_VALOR_ID) VALUES
	 (49,5),
	 (49,8),
	 (49,10),
	 (49,14),
	 (49,29),
	 (49,38),
	 (49,41),
	 (50,2),
	 (50,5),
	 (50,8);
INSERT INTO MASCOTA_VALOR (MASCOTAS_MASCOTA_ID,VALORES_VALOR_ID) VALUES
	 (50,12),
	 (50,15),
	 (50,18),
	 (50,34),
	 (50,43),
	 (51,2),
	 (51,3),
	 (51,18),
	 (51,26),
	 (51,29);
INSERT INTO MASCOTA_VALOR (MASCOTAS_MASCOTA_ID,VALORES_VALOR_ID) VALUES
	 (51,34),
	 (51,37),
	 (51,41),
	 (51,44),
	 (52,2),
	 (52,5),
	 (52,7),
	 (52,12),
	 (52,15),
	 (52,18);
INSERT INTO MASCOTA_VALOR (MASCOTAS_MASCOTA_ID,VALORES_VALOR_ID) VALUES
	 (52,26),
	 (52,95),
	 (52,35),
	 (52,93),
	 (52,41),
	 (52,43),
	 (53,1),
	 (53,4),
	 (53,16),
	 (53,26);
INSERT INTO MASCOTA_VALOR (MASCOTAS_MASCOTA_ID,VALORES_VALOR_ID) VALUES
	 (53,29),
	 (53,35),
	 (53,93),
	 (53,41),
	 (53,43),
	 (54,2),
	 (54,7),
	 (54,10),
	 (54,26),
	 (54,94);
INSERT INTO MASCOTA_VALOR (MASCOTAS_MASCOTA_ID,VALORES_VALOR_ID) VALUES
	 (54,93),
	 (54,41),
	 (54,43),
	 (55,7),
	 (55,10),
	 (55,26),
	 (55,29),
	 (55,93),
	 (55,41),
	 (55,43);
INSERT INTO MASCOTA_VALOR (MASCOTAS_MASCOTA_ID,VALORES_VALOR_ID) VALUES
	 (56,2),
	 (56,5),
	 (56,7),
	 (56,27),
	 (56,29),
	 (56,38),
	 (56,42),
	 (56,44),
	 (57,2),
	 (57,3);
INSERT INTO MASCOTA_VALOR (MASCOTAS_MASCOTA_ID,VALORES_VALOR_ID) VALUES
	 (57,8),
	 (57,16),
	 (57,20),
	 (57,28),
	 (57,95),
	 (57,34),
	 (57,38),
	 (57,40),
	 (58,4),
	 (58,12);
INSERT INTO MASCOTA_VALOR (MASCOTAS_MASCOTA_ID,VALORES_VALOR_ID) VALUES
	 (58,16),
	 (58,18),
	 (58,26),
	 (58,95),
	 (58,35),
	 (58,44),
	 (59,2),
	 (59,5),
	 (59,8),
	 (59,12);
INSERT INTO MASCOTA_VALOR (MASCOTAS_MASCOTA_ID,VALORES_VALOR_ID) VALUES
	 (59,16),
	 (59,19),
	 (59,27),
	 (59,94),
	 (59,93),
	 (59,42),
	 (59,43),
	 (60,1),
	 (60,3),
	 (60,12);
INSERT INTO MASCOTA_VALOR (MASCOTAS_MASCOTA_ID,VALORES_VALOR_ID) VALUES
	 (60,15),
	 (60,20),
	 (60,26),
	 (60,34),
	 (60,93),
	 (60,41),
	 (60,43),
	 (61,8),
	 (61,10),
	 (61,16);
INSERT INTO MASCOTA_VALOR (MASCOTAS_MASCOTA_ID,VALORES_VALOR_ID) VALUES
	 (61,26),
	 (61,29),
	 (61,34),
	 (61,41),
	 (61,43),
	 (62,1),
	 (62,3),
	 (62,7),
	 (62,20),
	 (62,27);
INSERT INTO MASCOTA_VALOR (MASCOTAS_MASCOTA_ID,VALORES_VALOR_ID) VALUES
	 (62,29),
	 (62,34),
	 (62,93),
	 (62,41),
	 (62,44),
	 (63,2),
	 (63,5),
	 (63,16),
	 (63,19),
	 (63,27);
INSERT INTO MASCOTA_VALOR (MASCOTAS_MASCOTA_ID,VALORES_VALOR_ID) VALUES
	 (63,29),
	 (63,94),
	 (63,38),
	 (63,41),
	 (64,1),
	 (64,3),
	 (64,7),
	 (64,10),
	 (64,16),
	 (64,95);
INSERT INTO MASCOTA_VALOR (MASCOTAS_MASCOTA_ID,VALORES_VALOR_ID) VALUES
	 (64,94),
	 (65,1),
	 (65,3),
	 (65,7),
	 (65,10),
	 (65,16),
	 (65,26),
	 (65,34),
	 (65,41),
	 (65,43);
INSERT INTO MASCOTA_VALOR (MASCOTAS_MASCOTA_ID,VALORES_VALOR_ID) VALUES
	 (66,1),
	 (66,4),
	 (66,15),
	 (66,20),
	 (66,27),
	 (66,29),
	 (66,94),
	 (66,41),
	 (67,1),
	 (67,4);
INSERT INTO MASCOTA_VALOR (MASCOTAS_MASCOTA_ID,VALORES_VALOR_ID) VALUES
	 (67,12),
	 (67,15),
	 (67,29),
	 (67,94),
	 (67,93),
	 (67,41),
	 (67,44),
	 (68,5),
	 (68,8),
	 (68,10);
INSERT INTO MASCOTA_VALOR (MASCOTAS_MASCOTA_ID,VALORES_VALOR_ID) VALUES
	 (68,14),
	 (68,26),
	 (68,29),
	 (68,94),
	 (68,38),
	 (68,41),
	 (68,43),
	 (69,1),
	 (69,3),
	 (69,7);
INSERT INTO MASCOTA_VALOR (MASCOTAS_MASCOTA_ID,VALORES_VALOR_ID) VALUES
	 (69,10),
	 (69,27),
	 (69,34),
	 (69,37),
	 (69,41),
	 (69,43),
	 (70,2),
	 (70,3),
	 (70,14),
	 (70,20);
INSERT INTO MASCOTA_VALOR (MASCOTAS_MASCOTA_ID,VALORES_VALOR_ID) VALUES
	 (70,26),
	 (70,29),
	 (70,34),
	 (70,38),
	 (70,41),
	 (71,1),
	 (71,3),
	 (71,7),
	 (71,10),
	 (71,16);
INSERT INTO MASCOTA_VALOR (MASCOTAS_MASCOTA_ID,VALORES_VALOR_ID) VALUES
	 (71,26),
	 (71,29),
	 (71,94),
	 (71,93),
	 (71,41),
	 (72,1),
	 (72,8),
	 (72,10),
	 (72,90),
	 (72,26);
INSERT INTO MASCOTA_VALOR (MASCOTAS_MASCOTA_ID,VALORES_VALOR_ID) VALUES
	 (72,29),
	 (72,94),
	 (72,38),
	 (72,43),
	 (73,2),
	 (73,5),
	 (73,7),
	 (73,15),
	 (73,27),
	 (73,95);
INSERT INTO MASCOTA_VALOR (MASCOTAS_MASCOTA_ID,VALORES_VALOR_ID) VALUES
	 (73,35),
	 (73,93),
	 (73,41),
	 (73,43),
	 (74,2),
	 (74,3),
	 (74,7),
	 (74,10),
	 (74,15),
	 (74,26);
INSERT INTO MASCOTA_VALOR (MASCOTAS_MASCOTA_ID,VALORES_VALOR_ID) VALUES
	 (74,95),
	 (74,94),
	 (74,38),
	 (74,41),
	 (74,43),
	 (75,8),
	 (75,16),
	 (75,18),
	 (75,26),
	 (75,94);
INSERT INTO MASCOTA_VALOR (MASCOTAS_MASCOTA_ID,VALORES_VALOR_ID) VALUES
	 (75,38),
	 (75,41),
	 (75,43),
	 (76,2),
	 (76,5),
	 (76,7),
	 (76,12),
	 (76,15),
	 (76,20),
	 (76,27);
INSERT INTO MASCOTA_VALOR (MASCOTAS_MASCOTA_ID,VALORES_VALOR_ID) VALUES
	 (76,35),
	 (76,38),
	 (76,42),
	 (76,44),
	 (77,2),
	 (77,3),
	 (77,7),
	 (77,13),
	 (77,14),
	 (77,20);
INSERT INTO MASCOTA_VALOR (MASCOTAS_MASCOTA_ID,VALORES_VALOR_ID) VALUES
	 (77,23),
	 (77,26),
	 (77,34),
	 (77,93),
	 (77,42),
	 (77,43),
	 (78,2),
	 (78,5),
	 (78,8),
	 (78,12);
INSERT INTO MASCOTA_VALOR (MASCOTAS_MASCOTA_ID,VALORES_VALOR_ID) VALUES
	 (78,15),
	 (78,20),
	 (78,26),
	 (78,29),
	 (78,94),
	 (78,43),
	 (79,2),
	 (79,3),
	 (79,8),
	 (79,10);
INSERT INTO MASCOTA_VALOR (MASCOTAS_MASCOTA_ID,VALORES_VALOR_ID) VALUES
	 (79,15),
	 (79,27),
	 (79,36),
	 (79,42),
	 (79,43),
	 (80,1),
	 (80,3),
	 (80,7),
	 (80,12),
	 (80,91);
INSERT INTO MASCOTA_VALOR (MASCOTAS_MASCOTA_ID,VALORES_VALOR_ID) VALUES
	 (80,27),
	 (80,37),
	 (80,40),
	 (80,43),
	 (81,2),
	 (81,3),
	 (81,8),
	 (81,12),
	 (81,15),
	 (81,18);
INSERT INTO MASCOTA_VALOR (MASCOTAS_MASCOTA_ID,VALORES_VALOR_ID) VALUES
	 (81,26),
	 (81,29),
	 (81,34),
	 (81,93),
	 (81,41),
	 (81,44),
	 (82,1),
	 (82,3),
	 (82,7),
	 (82,16);
INSERT INTO MASCOTA_VALOR (MASCOTAS_MASCOTA_ID,VALORES_VALOR_ID) VALUES
	 (82,26),
	 (82,29),
	 (82,34),
	 (82,40),
	 (82,43),
	 (83,1),
	 (83,3),
	 (83,7),
	 (83,12),
	 (83,20);
INSERT INTO MASCOTA_VALOR (MASCOTAS_MASCOTA_ID,VALORES_VALOR_ID) VALUES
	 (83,26),
	 (83,29),
	 (83,35),
	 (83,37),
	 (83,42),
	 (84,2),
	 (84,12),
	 (84,15),
	 (84,20),
	 (84,26);
INSERT INTO MASCOTA_VALOR (MASCOTAS_MASCOTA_ID,VALORES_VALOR_ID) VALUES
	 (84,29),
	 (84,34),
	 (84,38),
	 (84,43),
	 (85,1),
	 (85,4),
	 (85,7),
	 (85,14),
	 (85,20),
	 (85,26);
INSERT INTO MASCOTA_VALOR (MASCOTAS_MASCOTA_ID,VALORES_VALOR_ID) VALUES
	 (85,29),
	 (85,34),
	 (85,93),
	 (85,43),
	 (86,5),
	 (86,7),
	 (86,12),
	 (86,17),
	 (86,18),
	 (86,26);
INSERT INTO MASCOTA_VALOR (MASCOTAS_MASCOTA_ID,VALORES_VALOR_ID) VALUES
	 (86,33),
	 (86,35),
	 (86,38),
	 (86,41),
	 (86,44),
	 (87,1),
	 (87,4),
	 (87,7),
	 (87,12),
	 (87,90);
INSERT INTO MASCOTA_VALOR (MASCOTAS_MASCOTA_ID,VALORES_VALOR_ID) VALUES
	 (87,27),
	 (87,29),
	 (87,34),
	 (87,93),
	 (87,40),
	 (87,43),
	 (88,2),
	 (88,4),
	 (88,8),
	 (88,10);
INSERT INTO MASCOTA_VALOR (MASCOTAS_MASCOTA_ID,VALORES_VALOR_ID) VALUES
	 (88,16),
	 (88,26),
	 (88,29),
	 (88,94),
	 (88,93),
	 (88,41),
	 (88,43),
	 (89,3),
	 (89,8),
	 (89,10);
INSERT INTO MASCOTA_VALOR (MASCOTAS_MASCOTA_ID,VALORES_VALOR_ID) VALUES
	 (89,90),
	 (89,26),
	 (89,29),
	 (89,34),
	 (89,37),
	 (89,40),
	 (89,43),
	 (90,3),
	 (90,7),
	 (90,12);
INSERT INTO MASCOTA_VALOR (MASCOTAS_MASCOTA_ID,VALORES_VALOR_ID) VALUES
	 (90,90),
	 (90,20),
	 (90,26),
	 (90,93),
	 (90,41),
	 (91,2),
	 (91,7),
	 (91,10),
	 (91,26),
	 (91,29);
INSERT INTO MASCOTA_VALOR (MASCOTAS_MASCOTA_ID,VALORES_VALOR_ID) VALUES
	 (91,94),
	 (91,38),
	 (91,40),
	 (92,2),
	 (92,5),
	 (92,7),
	 (92,10),
	 (92,26),
	 (92,94),
	 (92,38);
INSERT INTO MASCOTA_VALOR (MASCOTAS_MASCOTA_ID,VALORES_VALOR_ID) VALUES
	 (92,40),
	 (93,1),
	 (93,3),
	 (93,7),
	 (93,14),
	 (93,20),
	 (93,26),
	 (93,29),
	 (93,93),
	 (93,41);
INSERT INTO MASCOTA_VALOR (MASCOTAS_MASCOTA_ID,VALORES_VALOR_ID) VALUES
	 (93,43),
	 (94,2),
	 (94,5),
	 (94,8),
	 (94,10),
	 (94,90),
	 (94,26),
	 (94,35),
	 (95,2),
	 (95,3);
INSERT INTO MASCOTA_VALOR (MASCOTAS_MASCOTA_ID,VALORES_VALOR_ID) VALUES
	 (95,7),
	 (95,12),
	 (95,19),
	 (95,29),
	 (95,34),
	 (95,93),
	 (95,42),
	 (95,43),
	 (96,2),
	 (96,8);
INSERT INTO MASCOTA_VALOR (MASCOTAS_MASCOTA_ID,VALORES_VALOR_ID) VALUES
	 (96,10),
	 (96,15),
	 (96,26),
	 (96,29),
	 (96,35),
	 (96,38),
	 (96,41),
	 (96,43),
	 (97,8),
	 (97,12);
INSERT INTO MASCOTA_VALOR (MASCOTAS_MASCOTA_ID,VALORES_VALOR_ID) VALUES
	 (97,14),
	 (97,19),
	 (97,29),
	 (97,94),
	 (97,38),
	 (97,41),
	 (97,43),
	 (98,2),
	 (98,5),
	 (98,8);
INSERT INTO MASCOTA_VALOR (MASCOTAS_MASCOTA_ID,VALORES_VALOR_ID) VALUES
	 (98,15),
	 (98,26),
	 (98,29),
	 (98,35),
	 (98,93),
	 (98,42),
	 (99,2),
	 (99,5),
	 (99,8),
	 (99,10);
INSERT INTO MASCOTA_VALOR (MASCOTAS_MASCOTA_ID,VALORES_VALOR_ID) VALUES
	 (99,15),
	 (99,26),
	 (99,35),
	 (99,38),
	 (99,42),
	 (99,44),
	 (100,1),
	 (100,4),
	 (100,7),
	 (100,12);
INSERT INTO MASCOTA_VALOR (MASCOTAS_MASCOTA_ID,VALORES_VALOR_ID) VALUES
	 (100,15),
	 (100,91),
	 (100,28),
	 (100,29),
	 (100,94),
	 (100,93),
	 (100,41),
	 (100,44),
	 (101,2),
	 (101,3);
INSERT INTO MASCOTA_VALOR (MASCOTAS_MASCOTA_ID,VALORES_VALOR_ID) VALUES
	 (101,8),
	 (101,12),
	 (101,15),
	 (101,91),
	 (101,26),
	 (101,34),
	 (101,93),
	 (101,41),
	 (101,43),
	 (102,1);
INSERT INTO MASCOTA_VALOR (MASCOTAS_MASCOTA_ID,VALORES_VALOR_ID) VALUES
	 (102,3),
	 (102,8),
	 (102,10),
	 (102,90),
	 (102,26),
	 (102,29),
	 (102,34),
	 (102,93),
	 (102,41),
	 (102,43);
INSERT INTO MASCOTA_VALOR (MASCOTAS_MASCOTA_ID,VALORES_VALOR_ID) VALUES
	 (103,2),
	 (103,3),
	 (103,8),
	 (103,10),
	 (103,17),
	 (103,29),
	 (103,94),
	 (103,38),
	 (103,43),
	 (104,2);
INSERT INTO MASCOTA_VALOR (MASCOTAS_MASCOTA_ID,VALORES_VALOR_ID) VALUES
	 (104,5),
	 (104,7),
	 (104,12),
	 (104,16),
	 (104,18),
	 (104,29),
	 (104,94),
	 (104,36),
	 (104,42),
	 (104,43);
INSERT INTO MASCOTA_VALOR (MASCOTAS_MASCOTA_ID,VALORES_VALOR_ID) VALUES
	 (105,8),
	 (105,13),
	 (105,14),
	 (105,20),
	 (105,23),
	 (105,26),
	 (105,29),
	 (105,35),
	 (105,38),
	 (105,42);
INSERT INTO MASCOTA_VALOR (MASCOTAS_MASCOTA_ID,VALORES_VALOR_ID) VALUES
	 (105,43),
	 (106,1),
	 (106,4),
	 (106,12),
	 (106,14),
	 (106,20),
	 (106,26),
	 (106,29),
	 (106,35),
	 (106,36);
INSERT INTO MASCOTA_VALOR (MASCOTAS_MASCOTA_ID,VALORES_VALOR_ID) VALUES
	 (106,41),
	 (107,2),
	 (107,3),
	 (107,8),
	 (107,10),
	 (107,14),
	 (107,26),
	 (107,29),
	 (107,94),
	 (107,36);
INSERT INTO MASCOTA_VALOR (MASCOTAS_MASCOTA_ID,VALORES_VALOR_ID) VALUES
	 (107,42),
	 (107,43),
	 (108,2),
	 (108,5),
	 (108,7),
	 (108,14),
	 (108,28),
	 (108,29),
	 (108,94),
	 (108,38);
INSERT INTO MASCOTA_VALOR (MASCOTAS_MASCOTA_ID,VALORES_VALOR_ID) VALUES
	 (108,41),
	 (108,44),
	 (109,2),
	 (109,5),
	 (109,8),
	 (109,10),
	 (109,26),
	 (109,94),
	 (109,93),
	 (109,42);
INSERT INTO MASCOTA_VALOR (MASCOTAS_MASCOTA_ID,VALORES_VALOR_ID) VALUES
	 (109,43),
	 (110,2),
	 (110,5),
	 (110,8),
	 (110,10),
	 (110,14),
	 (110,27),
	 (110,29),
	 (110,35),
	 (110,38);
INSERT INTO MASCOTA_VALOR (MASCOTAS_MASCOTA_ID,VALORES_VALOR_ID) VALUES
	 (110,44),
	 (111,1),
	 (111,3),
	 (111,7),
	 (111,10),
	 (111,90),
	 (111,26),
	 (111,95),
	 (111,34),
	 (111,37);
INSERT INTO MASCOTA_VALOR (MASCOTAS_MASCOTA_ID,VALORES_VALOR_ID) VALUES
	 (111,40),
	 (111,43),
	 (112,1),
	 (112,8),
	 (112,10),
	 (112,26),
	 (112,94),
	 (112,38),
	 (112,42),
	 (112,43);
INSERT INTO MASCOTA_VALOR (MASCOTAS_MASCOTA_ID,VALORES_VALOR_ID) VALUES
	 (113,2),
	 (113,5),
	 (113,12),
	 (113,15),
	 (113,18),
	 (113,26),
	 (113,94),
	 (113,38),
	 (113,42),
	 (113,43);
INSERT INTO MASCOTA_VALOR (MASCOTAS_MASCOTA_ID,VALORES_VALOR_ID) VALUES
	 (114,2),
	 (114,3),
	 (114,8),
	 (114,12),
	 (114,14),
	 (114,28),
	 (114,95),
	 (114,34),
	 (114,37),
	 (114,40);
INSERT INTO MASCOTA_VALOR (MASCOTAS_MASCOTA_ID,VALORES_VALOR_ID) VALUES
	 (114,44),
	 (115,5),
	 (115,7),
	 (115,10),
	 (115,14),
	 (115,28),
	 (115,95),
	 (115,38),
	 (115,41),
	 (115,44);
INSERT INTO MASCOTA_VALOR (MASCOTAS_MASCOTA_ID,VALORES_VALOR_ID) VALUES
	 (116,2),
	 (116,8),
	 (116,13),
	 (116,14),
	 (116,26),
	 (116,94),
	 (116,93),
	 (116,43),
	 (117,2),
	 (117,5);
INSERT INTO MASCOTA_VALOR (MASCOTAS_MASCOTA_ID,VALORES_VALOR_ID) VALUES
	 (117,7),
	 (117,15),
	 (117,20),
	 (117,26),
	 (117,29),
	 (117,38),
	 (117,42),
	 (117,44),
	 (118,2),
	 (118,4);
INSERT INTO MASCOTA_VALOR (MASCOTAS_MASCOTA_ID,VALORES_VALOR_ID) VALUES
	 (118,7),
	 (118,12),
	 (118,16),
	 (118,18),
	 (118,26),
	 (118,95),
	 (118,94),
	 (118,40),
	 (118,43),
	 (119,2);
INSERT INTO MASCOTA_VALOR (MASCOTAS_MASCOTA_ID,VALORES_VALOR_ID) VALUES
	 (119,4),
	 (119,7),
	 (119,10),
	 (119,15),
	 (119,26),
	 (119,29),
	 (119,94),
	 (119,38),
	 (119,43),
	 (120,2);
INSERT INTO MASCOTA_VALOR (MASCOTAS_MASCOTA_ID,VALORES_VALOR_ID) VALUES
	 (120,7),
	 (120,12),
	 (120,19),
	 (120,26),
	 (120,95),
	 (120,41),
	 (120,43),
	 (121,1),
	 (121,4),
	 (121,12);
INSERT INTO MASCOTA_VALOR (MASCOTAS_MASCOTA_ID,VALORES_VALOR_ID) VALUES
	 (121,91),
	 (121,27),
	 (121,29),
	 (121,42),
	 (121,44),
	 (122,1),
	 (122,3),
	 (122,13),
	 (122,14),
	 (122,19);
INSERT INTO MASCOTA_VALOR (MASCOTAS_MASCOTA_ID,VALORES_VALOR_ID) VALUES
	 (122,27),
	 (122,29),
	 (122,94),
	 (122,93),
	 (122,42),
	 (122,43),
	 (123,2),
	 (123,3),
	 (123,8),
	 (123,14);
INSERT INTO MASCOTA_VALOR (MASCOTAS_MASCOTA_ID,VALORES_VALOR_ID) VALUES
	 (123,29),
	 (123,94),
	 (123,38),
	 (123,44),
	 (124,2),
	 (124,3),
	 (124,10),
	 (124,16),
	 (124,26),
	 (124,95);
INSERT INTO MASCOTA_VALOR (MASCOTAS_MASCOTA_ID,VALORES_VALOR_ID) VALUES
	 (124,94),
	 (124,38),
	 (124,42),
	 (124,44),
	 (125,5),
	 (125,8),
	 (125,90),
	 (125,19),
	 (125,22),
	 (125,26);
INSERT INTO MASCOTA_VALOR (MASCOTAS_MASCOTA_ID,VALORES_VALOR_ID) VALUES
	 (125,95),
	 (125,35),
	 (125,93),
	 (125,43),
	 (126,4),
	 (126,8),
	 (126,13),
	 (126,19),
	 (126,26),
	 (126,29);
INSERT INTO MASCOTA_VALOR (MASCOTAS_MASCOTA_ID,VALORES_VALOR_ID) VALUES
	 (126,94),
	 (126,41),
	 (126,43),
	 (127,2),
	 (127,4),
	 (127,10),
	 (127,15),
	 (127,27),
	 (127,29),
	 (127,94);
INSERT INTO MASCOTA_VALOR (MASCOTAS_MASCOTA_ID,VALORES_VALOR_ID) VALUES
	 (127,42),
	 (128,2),
	 (128,8),
	 (128,10),
	 (128,17),
	 (128,29),
	 (128,38),
	 (128,43),
	 (129,1),
	 (129,3);
INSERT INTO MASCOTA_VALOR (MASCOTAS_MASCOTA_ID,VALORES_VALOR_ID) VALUES
	 (129,8),
	 (129,12),
	 (129,16),
	 (129,19),
	 (129,26),
	 (129,29),
	 (129,94),
	 (129,93),
	 (129,41),
	 (129,43);
INSERT INTO MASCOTA_VALOR (MASCOTAS_MASCOTA_ID,VALORES_VALOR_ID) VALUES
	 (130,2),
	 (130,3),
	 (130,7),
	 (130,90),
	 (130,27),
	 (130,93),
	 (130,41),
	 (130,44),
	 (131,2),
	 (131,5);
INSERT INTO MASCOTA_VALOR (MASCOTAS_MASCOTA_ID,VALORES_VALOR_ID) VALUES
	 (131,8),
	 (131,12),
	 (131,90),
	 (131,19),
	 (131,26),
	 (131,29),
	 (131,35),
	 (131,93),
	 (131,41),
	 (131,43);
INSERT INTO MASCOTA_VALOR (MASCOTAS_MASCOTA_ID,VALORES_VALOR_ID) VALUES
	 (132,1),
	 (132,4),
	 (132,7),
	 (132,14),
	 (132,20),
	 (132,27),
	 (132,29),
	 (132,94),
	 (132,93),
	 (132,41);
INSERT INTO MASCOTA_VALOR (MASCOTAS_MASCOTA_ID,VALORES_VALOR_ID) VALUES
	 (132,43),
	 (133,2),
	 (133,4),
	 (133,7),
	 (133,10),
	 (133,14),
	 (133,27),
	 (133,29),
	 (133,93),
	 (133,41);
INSERT INTO MASCOTA_VALOR (MASCOTAS_MASCOTA_ID,VALORES_VALOR_ID) VALUES
	 (133,43),
	 (134,10),
	 (134,90),
	 (134,27),
	 (134,29),
	 (134,35),
	 (134,93),
	 (134,41),
	 (134,43),
	 (135,2);
INSERT INTO MASCOTA_VALOR (MASCOTAS_MASCOTA_ID,VALORES_VALOR_ID) VALUES
	 (135,4),
	 (135,12),
	 (135,16),
	 (135,18),
	 (135,27),
	 (135,33),
	 (135,94),
	 (135,41),
	 (135,44),
	 (136,5);
INSERT INTO MASCOTA_VALOR (MASCOTAS_MASCOTA_ID,VALORES_VALOR_ID) VALUES
	 (136,7),
	 (136,12),
	 (136,16),
	 (136,18),
	 (136,27),
	 (136,29),
	 (136,94),
	 (136,36),
	 (136,41),
	 (136,43);
INSERT INTO MASCOTA_VALOR (MASCOTAS_MASCOTA_ID,VALORES_VALOR_ID) VALUES
	 (137,2),
	 (137,7),
	 (137,10),
	 (137,15),
	 (137,28),
	 (137,29),
	 (137,38),
	 (137,43),
	 (138,2),
	 (138,16);
INSERT INTO MASCOTA_VALOR (MASCOTAS_MASCOTA_ID,VALORES_VALOR_ID) VALUES
	 (138,28),
	 (138,29),
	 (138,35),
	 (138,38),
	 (138,43),
	 (139,2),
	 (139,5),
	 (139,7),
	 (139,13),
	 (139,14);
INSERT INTO MASCOTA_VALOR (MASCOTAS_MASCOTA_ID,VALORES_VALOR_ID) VALUES
	 (139,19),
	 (139,24),
	 (139,28),
	 (139,29),
	 (139,35),
	 (139,38),
	 (139,41),
	 (139,43),
	 (140,2),
	 (140,5);
INSERT INTO MASCOTA_VALOR (MASCOTAS_MASCOTA_ID,VALORES_VALOR_ID) VALUES
	 (140,8),
	 (140,12),
	 (140,20),
	 (140,27),
	 (140,29),
	 (140,38),
	 (140,42),
	 (140,44),
	 (141,3),
	 (141,8);
INSERT INTO MASCOTA_VALOR (MASCOTAS_MASCOTA_ID,VALORES_VALOR_ID) VALUES
	 (141,15),
	 (141,26),
	 (141,29),
	 (141,34),
	 (141,38),
	 (141,41),
	 (142,2),
	 (142,3),
	 (142,7),
	 (142,13);
INSERT INTO MASCOTA_VALOR (MASCOTAS_MASCOTA_ID,VALORES_VALOR_ID) VALUES
	 (142,14),
	 (142,19),
	 (142,24),
	 (142,26),
	 (142,29),
	 (142,34),
	 (142,37),
	 (142,41),
	 (142,43),
	 (143,2);
INSERT INTO MASCOTA_VALOR (MASCOTAS_MASCOTA_ID,VALORES_VALOR_ID) VALUES
	 (143,5),
	 (143,8),
	 (143,10),
	 (143,14),
	 (143,27),
	 (143,94),
	 (143,38),
	 (143,42),
	 (143,44),
	 (144,12);
INSERT INTO MASCOTA_VALOR (MASCOTAS_MASCOTA_ID,VALORES_VALOR_ID) VALUES
	 (144,15),
	 (144,91),
	 (144,27),
	 (144,29),
	 (144,34),
	 (144,37),
	 (144,44),
	 (145,7),
	 (145,10),
	 (145,14);
INSERT INTO MASCOTA_VALOR (MASCOTAS_MASCOTA_ID,VALORES_VALOR_ID) VALUES
	 (145,28),
	 (145,94),
	 (145,42),
	 (145,43),
	 (146,2),
	 (146,3),
	 (146,12),
	 (146,15),
	 (146,18),
	 (146,26);
INSERT INTO MASCOTA_VALOR (MASCOTAS_MASCOTA_ID,VALORES_VALOR_ID) VALUES
	 (146,29),
	 (146,94),
	 (146,93),
	 (146,41),
	 (146,43),
	 (147,2),
	 (147,3),
	 (147,7),
	 (147,12),
	 (147,15);
INSERT INTO MASCOTA_VALOR (MASCOTAS_MASCOTA_ID,VALORES_VALOR_ID) VALUES
	 (147,91),
	 (147,26),
	 (147,29),
	 (147,93),
	 (147,42),
	 (147,44),
	 (148,2),
	 (148,4),
	 (148,10),
	 (148,14);
INSERT INTO MASCOTA_VALOR (MASCOTAS_MASCOTA_ID,VALORES_VALOR_ID) VALUES
	 (148,27),
	 (148,33),
	 (148,94),
	 (148,93),
	 (148,41),
	 (148,44),
	 (149,2),
	 (149,5),
	 (149,7),
	 (149,12);
INSERT INTO MASCOTA_VALOR (MASCOTAS_MASCOTA_ID,VALORES_VALOR_ID) VALUES
	 (149,15),
	 (149,20),
	 (149,27),
	 (149,29),
	 (149,94),
	 (149,93),
	 (149,41),
	 (149,43),
	 (150,2),
	 (150,4);
INSERT INTO MASCOTA_VALOR (MASCOTAS_MASCOTA_ID,VALORES_VALOR_ID) VALUES
	 (150,8),
	 (150,12),
	 (150,16),
	 (150,26),
	 (150,93),
	 (150,41),
	 (150,43),
	 (151,3),
	 (151,7),
	 (151,12);
INSERT INTO MASCOTA_VALOR (MASCOTAS_MASCOTA_ID,VALORES_VALOR_ID) VALUES
	 (151,14),
	 (151,91),
	 (151,26),
	 (151,95),
	 (151,37),
	 (151,41),
	 (151,43),
	 (152,2),
	 (152,7),
	 (152,20);
INSERT INTO MASCOTA_VALOR (MASCOTAS_MASCOTA_ID,VALORES_VALOR_ID) VALUES
	 (152,26),
	 (152,29),
	 (152,35),
	 (152,38),
	 (152,42),
	 (152,43),
	 (153,2),
	 (153,3),
	 (153,7),
	 (153,12);
INSERT INTO MASCOTA_VALOR (MASCOTAS_MASCOTA_ID,VALORES_VALOR_ID) VALUES
	 (153,91),
	 (153,28),
	 (153,29),
	 (153,34),
	 (153,41),
	 (153,43),
	 (154,1),
	 (154,3),
	 (154,7),
	 (154,12);
INSERT INTO MASCOTA_VALOR (MASCOTAS_MASCOTA_ID,VALORES_VALOR_ID) VALUES
	 (154,14),
	 (154,91),
	 (154,26),
	 (154,29),
	 (154,37),
	 (154,42),
	 (154,43),
	 (155,2),
	 (155,7),
	 (155,14);
INSERT INTO MASCOTA_VALOR (MASCOTAS_MASCOTA_ID,VALORES_VALOR_ID) VALUES
	 (155,21),
	 (155,26),
	 (155,35),
	 (155,38),
	 (155,41),
	 (155,43),
	 (156,7),
	 (156,12),
	 (156,16),
	 (156,28);
INSERT INTO MASCOTA_VALOR (MASCOTAS_MASCOTA_ID,VALORES_VALOR_ID) VALUES
	 (156,29),
	 (156,94),
	 (156,93),
	 (156,42),
	 (156,43),
	 (157,2),
	 (157,3),
	 (157,8),
	 (157,10),
	 (157,90);
INSERT INTO MASCOTA_VALOR (MASCOTAS_MASCOTA_ID,VALORES_VALOR_ID) VALUES
	 (157,28),
	 (157,29),
	 (157,34),
	 (157,38),
	 (157,41),
	 (157,43),
	 (158,2),
	 (158,3),
	 (158,14),
	 (158,19);
INSERT INTO MASCOTA_VALOR (MASCOTAS_MASCOTA_ID,VALORES_VALOR_ID) VALUES
	 (158,27),
	 (158,29),
	 (158,34),
	 (158,93),
	 (158,41),
	 (159,1),
	 (159,4),
	 (159,8),
	 (159,12),
	 (159,14);
INSERT INTO MASCOTA_VALOR (MASCOTAS_MASCOTA_ID,VALORES_VALOR_ID) VALUES
	 (159,19),
	 (159,26),
	 (159,29),
	 (159,94),
	 (159,38),
	 (159,41),
	 (159,43),
	 (160,5),
	 (160,7),
	 (160,10);
INSERT INTO MASCOTA_VALOR (MASCOTAS_MASCOTA_ID,VALORES_VALOR_ID) VALUES
	 (160,27),
	 (160,29),
	 (160,35),
	 (160,93),
	 (160,44),
	 (161,8),
	 (161,12),
	 (161,16),
	 (161,18),
	 (161,26);
INSERT INTO MASCOTA_VALOR (MASCOTAS_MASCOTA_ID,VALORES_VALOR_ID) VALUES
	 (161,29),
	 (161,38),
	 (161,43),
	 (162,2),
	 (162,8),
	 (162,16),
	 (162,18),
	 (162,27),
	 (162,29),
	 (162,94);
INSERT INTO MASCOTA_VALOR (MASCOTAS_MASCOTA_ID,VALORES_VALOR_ID) VALUES
	 (162,93),
	 (162,41),
	 (162,43),
	 (163,2),
	 (163,8),
	 (163,12),
	 (163,14),
	 (163,20),
	 (163,26),
	 (163,29);
INSERT INTO MASCOTA_VALOR (MASCOTAS_MASCOTA_ID,VALORES_VALOR_ID) VALUES
	 (163,37),
	 (163,41),
	 (164,90),
	 (164,27),
	 (164,29),
	 (164,34),
	 (164,37),
	 (164,41),
	 (164,43),
	 (165,2);
INSERT INTO MASCOTA_VALOR (MASCOTAS_MASCOTA_ID,VALORES_VALOR_ID) VALUES
	 (165,5),
	 (165,7),
	 (165,12),
	 (165,20),
	 (165,26),
	 (165,94),
	 (165,93),
	 (165,42),
	 (165,43),
	 (166,2);
INSERT INTO MASCOTA_VALOR (MASCOTAS_MASCOTA_ID,VALORES_VALOR_ID) VALUES
	 (166,5),
	 (166,7),
	 (166,10),
	 (166,90),
	 (166,26),
	 (166,29),
	 (166,94),
	 (166,38),
	 (166,41),
	 (167,2);
INSERT INTO MASCOTA_VALOR (MASCOTAS_MASCOTA_ID,VALORES_VALOR_ID) VALUES
	 (167,7),
	 (167,10),
	 (167,15),
	 (167,27),
	 (167,29),
	 (167,94),
	 (167,93),
	 (167,43),
	 (168,4),
	 (168,7);
INSERT INTO MASCOTA_VALOR (MASCOTAS_MASCOTA_ID,VALORES_VALOR_ID) VALUES
	 (168,10),
	 (168,15),
	 (168,26),
	 (168,95),
	 (168,94),
	 (168,38),
	 (168,41),
	 (168,43),
	 (169,2),
	 (169,4);
INSERT INTO MASCOTA_VALOR (MASCOTAS_MASCOTA_ID,VALORES_VALOR_ID) VALUES
	 (169,8),
	 (169,12),
	 (169,14),
	 (169,91),
	 (169,29),
	 (169,94),
	 (169,93),
	 (169,42),
	 (170,2),
	 (170,5);
INSERT INTO MASCOTA_VALOR (MASCOTAS_MASCOTA_ID,VALORES_VALOR_ID) VALUES
	 (170,7),
	 (170,15),
	 (170,26),
	 (170,29),
	 (170,94),
	 (170,38),
	 (170,41),
	 (171,2),
	 (171,3),
	 (171,7);
INSERT INTO MASCOTA_VALOR (MASCOTAS_MASCOTA_ID,VALORES_VALOR_ID) VALUES
	 (171,10),
	 (171,90),
	 (171,28),
	 (171,29),
	 (171,94),
	 (171,93),
	 (171,42),
	 (172,1),
	 (172,3),
	 (172,12);
INSERT INTO MASCOTA_VALOR (MASCOTAS_MASCOTA_ID,VALORES_VALOR_ID) VALUES
	 (172,15),
	 (172,20),
	 (172,27),
	 (172,29),
	 (172,94),
	 (172,93),
	 (172,42),
	 (172,44),
	 (173,2),
	 (173,5);
INSERT INTO MASCOTA_VALOR (MASCOTAS_MASCOTA_ID,VALORES_VALOR_ID) VALUES
	 (173,8),
	 (173,10),
	 (173,90),
	 (173,26),
	 (173,94),
	 (173,38),
	 (173,43),
	 (174,4),
	 (174,12),
	 (174,15);
INSERT INTO MASCOTA_VALOR (MASCOTAS_MASCOTA_ID,VALORES_VALOR_ID) VALUES
	 (174,18),
	 (174,27),
	 (174,95),
	 (174,94),
	 (174,38),
	 (174,40),
	 (174,44),
	 (175,2),
	 (175,4),
	 (175,7);
INSERT INTO MASCOTA_VALOR (MASCOTAS_MASCOTA_ID,VALORES_VALOR_ID) VALUES
	 (175,12),
	 (175,18),
	 (175,27),
	 (175,29),
	 (175,94),
	 (175,93),
	 (175,42),
	 (175,43),
	 (176,4),
	 (176,8);
INSERT INTO MASCOTA_VALOR (MASCOTAS_MASCOTA_ID,VALORES_VALOR_ID) VALUES
	 (176,10),
	 (176,15),
	 (176,27),
	 (176,29),
	 (176,94),
	 (176,38),
	 (176,44),
	 (177,1),
	 (177,7),
	 (177,13);
INSERT INTO MASCOTA_VALOR (MASCOTAS_MASCOTA_ID,VALORES_VALOR_ID) VALUES
	 (177,16),
	 (177,23),
	 (177,26),
	 (177,29),
	 (177,94),
	 (177,41),
	 (177,43),
	 (178,2),
	 (178,3),
	 (178,7);
INSERT INTO MASCOTA_VALOR (MASCOTAS_MASCOTA_ID,VALORES_VALOR_ID) VALUES
	 (178,90),
	 (178,28),
	 (178,29),
	 (178,38),
	 (178,41),
	 (178,44),
	 (179,5),
	 (179,8),
	 (179,10),
	 (179,14);
INSERT INTO MASCOTA_VALOR (MASCOTAS_MASCOTA_ID,VALORES_VALOR_ID) VALUES
	 (179,27),
	 (179,95),
	 (179,93),
	 (179,42),
	 (179,43),
	 (180,2),
	 (180,5),
	 (180,10),
	 (180,14),
	 (180,26);
INSERT INTO MASCOTA_VALOR (MASCOTAS_MASCOTA_ID,VALORES_VALOR_ID) VALUES
	 (180,29),
	 (180,94),
	 (180,38),
	 (180,40),
	 (180,43),
	 (181,2),
	 (181,4),
	 (181,7),
	 (181,12),
	 (181,16);
INSERT INTO MASCOTA_VALOR (MASCOTAS_MASCOTA_ID,VALORES_VALOR_ID) VALUES
	 (181,18),
	 (181,26),
	 (181,29),
	 (181,94),
	 (181,93),
	 (181,41),
	 (181,43),
	 (182,2),
	 (182,5),
	 (182,7);
INSERT INTO MASCOTA_VALOR (MASCOTAS_MASCOTA_ID,VALORES_VALOR_ID) VALUES
	 (182,12),
	 (182,15),
	 (182,18),
	 (182,27),
	 (182,95),
	 (182,94),
	 (182,93),
	 (182,41),
	 (182,43),
	 (183,1);
INSERT INTO MASCOTA_VALOR (MASCOTAS_MASCOTA_ID,VALORES_VALOR_ID) VALUES
	 (183,3),
	 (183,8),
	 (183,13),
	 (183,15),
	 (183,18),
	 (183,27),
	 (183,95),
	 (183,37),
	 (183,43),
	 (184,3);
INSERT INTO MASCOTA_VALOR (MASCOTAS_MASCOTA_ID,VALORES_VALOR_ID) VALUES
	 (184,8),
	 (184,12),
	 (184,15),
	 (184,26),
	 (184,29),
	 (184,94),
	 (184,41),
	 (184,43),
	 (185,2),
	 (185,3);
INSERT INTO MASCOTA_VALOR (MASCOTAS_MASCOTA_ID,VALORES_VALOR_ID) VALUES
	 (185,8),
	 (185,10),
	 (185,16),
	 (185,27),
	 (185,95),
	 (185,34),
	 (185,43),
	 (186,2),
	 (186,3),
	 (186,7);
INSERT INTO MASCOTA_VALOR (MASCOTAS_MASCOTA_ID,VALORES_VALOR_ID) VALUES
	 (186,10),
	 (186,16),
	 (186,26),
	 (186,29),
	 (186,94),
	 (186,93),
	 (186,41),
	 (186,44),
	 (187,3),
	 (187,8);
INSERT INTO MASCOTA_VALOR (MASCOTAS_MASCOTA_ID,VALORES_VALOR_ID) VALUES
	 (187,10),
	 (187,15),
	 (187,29),
	 (187,94),
	 (187,93),
	 (187,42),
	 (188,2),
	 (188,5),
	 (188,7),
	 (188,12);
INSERT INTO MASCOTA_VALOR (MASCOTAS_MASCOTA_ID,VALORES_VALOR_ID) VALUES
	 (188,14),
	 (188,19),
	 (188,28),
	 (188,29),
	 (188,94),
	 (188,38),
	 (188,42),
	 (188,43),
	 (189,2),
	 (189,4);
INSERT INTO MASCOTA_VALOR (MASCOTAS_MASCOTA_ID,VALORES_VALOR_ID) VALUES
	 (189,7),
	 (189,13),
	 (189,14),
	 (189,19),
	 (189,24),
	 (189,26),
	 (189,95),
	 (189,94),
	 (189,37),
	 (189,41);
INSERT INTO MASCOTA_VALOR (MASCOTAS_MASCOTA_ID,VALORES_VALOR_ID) VALUES
	 (189,43),
	 (190,2),
	 (190,4),
	 (190,8),
	 (190,12),
	 (190,16),
	 (190,19),
	 (190,29),
	 (190,34),
	 (190,38);
INSERT INTO MASCOTA_VALOR (MASCOTAS_MASCOTA_ID,VALORES_VALOR_ID) VALUES
	 (190,41),
	 (190,43),
	 (191,2),
	 (191,3),
	 (191,10),
	 (191,28),
	 (191,95),
	 (191,34),
	 (191,93),
	 (191,40);
INSERT INTO MASCOTA_VALOR (MASCOTAS_MASCOTA_ID,VALORES_VALOR_ID) VALUES
	 (191,43),
	 (192,2),
	 (192,5),
	 (192,7),
	 (192,12),
	 (192,18),
	 (192,33),
	 (192,35),
	 (192,42),
	 (192,44);
INSERT INTO MASCOTA_VALOR (MASCOTAS_MASCOTA_ID,VALORES_VALOR_ID) VALUES
	 (193,2),
	 (193,3),
	 (193,7),
	 (193,12),
	 (193,15),
	 (193,18),
	 (193,28),
	 (193,42),
	 (193,43),
	 (194,5);
INSERT INTO MASCOTA_VALOR (MASCOTAS_MASCOTA_ID,VALORES_VALOR_ID) VALUES
	 (194,8),
	 (194,12),
	 (194,14),
	 (194,27),
	 (194,95),
	 (194,35),
	 (194,37),
	 (194,40),
	 (194,43),
	 (195,2);
INSERT INTO MASCOTA_VALOR (MASCOTAS_MASCOTA_ID,VALORES_VALOR_ID) VALUES
	 (195,5),
	 (195,7),
	 (195,13),
	 (195,16),
	 (195,19),
	 (195,22),
	 (195,26),
	 (195,29),
	 (195,35),
	 (195,93);
INSERT INTO MASCOTA_VALOR (MASCOTAS_MASCOTA_ID,VALORES_VALOR_ID) VALUES
	 (195,44),
	 (196,2),
	 (196,5),
	 (196,7),
	 (196,12),
	 (196,14),
	 (196,20),
	 (196,29),
	 (196,94),
	 (196,38);
INSERT INTO MASCOTA_VALOR (MASCOTAS_MASCOTA_ID,VALORES_VALOR_ID) VALUES
	 (196,41),
	 (196,43),
	 (197,2),
	 (197,5),
	 (197,7),
	 (197,12),
	 (197,15),
	 (197,20),
	 (197,26),
	 (197,29);
INSERT INTO MASCOTA_VALOR (MASCOTAS_MASCOTA_ID,VALORES_VALOR_ID) VALUES
	 (197,94),
	 (197,93),
	 (197,40),
	 (197,43),
	 (198,1),
	 (198,3),
	 (198,8),
	 (198,12),
	 (198,20),
	 (198,27);
INSERT INTO MASCOTA_VALOR (MASCOTAS_MASCOTA_ID,VALORES_VALOR_ID) VALUES
	 (198,33),
	 (198,35),
	 (198,42),
	 (199,1),
	 (199,4),
	 (199,8),
	 (199,10),
	 (199,26),
	 (199,94),
	 (199,41);
INSERT INTO MASCOTA_VALOR (MASCOTAS_MASCOTA_ID,VALORES_VALOR_ID) VALUES
	 (199,43),
	 (200,2),
	 (200,8),
	 (200,12),
	 (200,15),
	 (200,91),
	 (200,26),
	 (200,29),
	 (200,34),
	 (200,93);
INSERT INTO MASCOTA_VALOR (MASCOTAS_MASCOTA_ID,VALORES_VALOR_ID) VALUES
	 (200,43),
	 (201,2),
	 (201,7),
	 (201,14),
	 (201,19),
	 (201,33),
	 (201,35),
	 (201,38),
	 (201,44),
	 (202,5);
INSERT INTO MASCOTA_VALOR (MASCOTAS_MASCOTA_ID,VALORES_VALOR_ID) VALUES
	 (202,8),
	 (202,90),
	 (202,29),
	 (202,38),
	 (202,42),
	 (202,43),
	 (203,1),
	 (203,3),
	 (203,7),
	 (203,12);
INSERT INTO MASCOTA_VALOR (MASCOTAS_MASCOTA_ID,VALORES_VALOR_ID) VALUES
	 (203,15),
	 (203,18),
	 (203,26),
	 (203,29),
	 (203,34),
	 (203,37),
	 (203,40),
	 (204,1),
	 (204,3),
	 (204,10);
INSERT INTO MASCOTA_VALOR (MASCOTAS_MASCOTA_ID,VALORES_VALOR_ID) VALUES
	 (204,16),
	 (204,26),
	 (204,29),
	 (204,34),
	 (204,37),
	 (204,40),
	 (204,43),
	 (205,2),
	 (205,4),
	 (205,8);
INSERT INTO MASCOTA_VALOR (MASCOTAS_MASCOTA_ID,VALORES_VALOR_ID) VALUES
	 (205,12),
	 (205,15),
	 (205,18),
	 (205,28),
	 (205,94),
	 (205,93),
	 (205,42),
	 (205,43),
	 (206,2),
	 (206,7);
INSERT INTO MASCOTA_VALOR (MASCOTAS_MASCOTA_ID,VALORES_VALOR_ID) VALUES
	 (206,13),
	 (206,16),
	 (206,19),
	 (206,26),
	 (206,95),
	 (206,41),
	 (206,43),
	 (207,2),
	 (207,5),
	 (207,7);
INSERT INTO MASCOTA_VALOR (MASCOTAS_MASCOTA_ID,VALORES_VALOR_ID) VALUES
	 (207,10),
	 (207,16),
	 (207,26),
	 (207,29),
	 (207,94),
	 (207,93),
	 (207,41),
	 (207,43),
	 (208,2),
	 (208,3);
INSERT INTO MASCOTA_VALOR (MASCOTAS_MASCOTA_ID,VALORES_VALOR_ID) VALUES
	 (208,8),
	 (208,10),
	 (208,90),
	 (208,27),
	 (208,29),
	 (208,42),
	 (208,43),
	 (209,2),
	 (209,8),
	 (209,12);
INSERT INTO MASCOTA_VALOR (MASCOTAS_MASCOTA_ID,VALORES_VALOR_ID) VALUES
	 (209,14),
	 (209,19),
	 (209,28),
	 (209,95),
	 (209,94),
	 (209,42),
	 (209,43),
	 (210,2),
	 (210,4),
	 (210,8);
INSERT INTO MASCOTA_VALOR (MASCOTAS_MASCOTA_ID,VALORES_VALOR_ID) VALUES
	 (210,10),
	 (210,29),
	 (210,35),
	 (210,38),
	 (210,42),
	 (210,44),
	 (211,2),
	 (211,10),
	 (211,14),
	 (211,26);
INSERT INTO MASCOTA_VALOR (MASCOTAS_MASCOTA_ID,VALORES_VALOR_ID) VALUES
	 (211,29),
	 (211,35),
	 (211,38),
	 (211,42),
	 (211,44),
	 (212,2),
	 (212,5),
	 (212,7),
	 (212,12),
	 (212,27);
INSERT INTO MASCOTA_VALOR (MASCOTAS_MASCOTA_ID,VALORES_VALOR_ID) VALUES
	 (212,29),
	 (212,93),
	 (212,41),
	 (212,43),
	 (213,2),
	 (213,3),
	 (213,8),
	 (213,10),
	 (213,90),
	 (213,28);
INSERT INTO MASCOTA_VALOR (MASCOTAS_MASCOTA_ID,VALORES_VALOR_ID) VALUES
	 (213,29),
	 (213,35),
	 (213,42),
	 (213,43),
	 (214,1),
	 (214,8),
	 (214,10),
	 (214,16),
	 (214,26),
	 (214,34);
INSERT INTO MASCOTA_VALOR (MASCOTAS_MASCOTA_ID,VALORES_VALOR_ID) VALUES
	 (214,93),
	 (214,41),
	 (214,44),
	 (215,2),
	 (215,4),
	 (215,8),
	 (215,12),
	 (215,14),
	 (215,19),
	 (215,26);
INSERT INTO MASCOTA_VALOR (MASCOTAS_MASCOTA_ID,VALORES_VALOR_ID) VALUES
	 (215,29),
	 (215,94),
	 (215,38),
	 (215,41),
	 (215,43),
	 (216,5),
	 (216,7),
	 (216,12),
	 (216,14),
	 (216,91);
INSERT INTO MASCOTA_VALOR (MASCOTAS_MASCOTA_ID,VALORES_VALOR_ID) VALUES
	 (216,26),
	 (216,42),
	 (216,44),
	 (217,2),
	 (217,4),
	 (217,7),
	 (217,12),
	 (217,18),
	 (217,28),
	 (217,29);
INSERT INTO MASCOTA_VALOR (MASCOTAS_MASCOTA_ID,VALORES_VALOR_ID) VALUES
	 (217,34),
	 (217,41),
	 (217,43),
	 (218,2),
	 (218,5),
	 (218,7),
	 (218,12),
	 (218,16),
	 (218,19),
	 (218,27);
INSERT INTO MASCOTA_VALOR (MASCOTAS_MASCOTA_ID,VALORES_VALOR_ID) VALUES
	 (218,29),
	 (218,35),
	 (218,38),
	 (218,42),
	 (218,44),
	 (219,2),
	 (219,3),
	 (219,8),
	 (219,13),
	 (219,19);
INSERT INTO MASCOTA_VALOR (MASCOTAS_MASCOTA_ID,VALORES_VALOR_ID) VALUES
	 (219,22),
	 (219,29),
	 (219,93),
	 (219,41),
	 (220,2),
	 (220,5),
	 (220,10),
	 (220,14),
	 (220,26),
	 (220,29);
INSERT INTO MASCOTA_VALOR (MASCOTAS_MASCOTA_ID,VALORES_VALOR_ID) VALUES
	 (220,35),
	 (220,38),
	 (220,40),
	 (220,44),
	 (221,1),
	 (221,3),
	 (221,7),
	 (221,13),
	 (221,14),
	 (221,19);
INSERT INTO MASCOTA_VALOR (MASCOTAS_MASCOTA_ID,VALORES_VALOR_ID) VALUES
	 (221,24),
	 (221,27),
	 (221,29),
	 (221,34),
	 (221,93),
	 (221,43),
	 (222,8),
	 (222,12),
	 (222,14),
	 (222,20);
INSERT INTO MASCOTA_VALOR (MASCOTAS_MASCOTA_ID,VALORES_VALOR_ID) VALUES
	 (222,28),
	 (222,29),
	 (222,35),
	 (222,38),
	 (222,40),
	 (222,43),
	 (223,1),
	 (223,3),
	 (223,7),
	 (223,12);
INSERT INTO MASCOTA_VALOR (MASCOTAS_MASCOTA_ID,VALORES_VALOR_ID) VALUES
	 (223,18),
	 (223,26),
	 (223,34),
	 (223,37),
	 (223,41),
	 (223,43),
	 (224,7),
	 (224,12),
	 (224,17),
	 (224,28);
INSERT INTO MASCOTA_VALOR (MASCOTAS_MASCOTA_ID,VALORES_VALOR_ID) VALUES
	 (224,29),
	 (224,34),
	 (224,93),
	 (224,40),
	 (225,2),
	 (225,4),
	 (225,8),
	 (225,10),
	 (225,16),
	 (225,26);
INSERT INTO MASCOTA_VALOR (MASCOTAS_MASCOTA_ID,VALORES_VALOR_ID) VALUES
	 (225,29),
	 (225,93),
	 (225,43),
	 (226,2),
	 (226,4),
	 (226,7),
	 (226,12),
	 (226,16),
	 (226,18),
	 (226,26);
INSERT INTO MASCOTA_VALOR (MASCOTAS_MASCOTA_ID,VALORES_VALOR_ID) VALUES
	 (226,29),
	 (226,41),
	 (227,2),
	 (227,8),
	 (227,12),
	 (227,15),
	 (227,20),
	 (227,26),
	 (227,29),
	 (227,41);
INSERT INTO MASCOTA_VALOR (MASCOTAS_MASCOTA_ID,VALORES_VALOR_ID) VALUES
	 (227,43),
	 (228,1),
	 (228,3),
	 (228,7),
	 (228,12),
	 (228,18),
	 (228,26),
	 (228,93),
	 (228,40),
	 (228,43);
INSERT INTO MASCOTA_VALOR (MASCOTAS_MASCOTA_ID,VALORES_VALOR_ID) VALUES
	 (229,2),
	 (229,5),
	 (229,7),
	 (229,12),
	 (229,19),
	 (229,27),
	 (229,29),
	 (229,35),
	 (229,93),
	 (229,42);
INSERT INTO MASCOTA_VALOR (MASCOTAS_MASCOTA_ID,VALORES_VALOR_ID) VALUES
	 (229,44),
	 (230,2),
	 (230,3),
	 (230,7),
	 (230,12),
	 (230,14),
	 (230,20),
	 (230,27),
	 (230,29),
	 (230,94);
INSERT INTO MASCOTA_VALOR (MASCOTAS_MASCOTA_ID,VALORES_VALOR_ID) VALUES
	 (230,93),
	 (230,42),
	 (230,43),
	 (231,4),
	 (231,8),
	 (231,10),
	 (231,14),
	 (231,94),
	 (231,93),
	 (231,40);
INSERT INTO MASCOTA_VALOR (MASCOTAS_MASCOTA_ID,VALORES_VALOR_ID) VALUES
	 (231,44),
	 (232,2),
	 (232,4),
	 (232,15),
	 (232,20),
	 (232,26),
	 (232,29),
	 (232,94),
	 (232,93),
	 (232,42);
INSERT INTO MASCOTA_VALOR (MASCOTAS_MASCOTA_ID,VALORES_VALOR_ID) VALUES
	 (232,43),
	 (233,2),
	 (233,3),
	 (233,7),
	 (233,13),
	 (233,15),
	 (233,20),
	 (233,22),
	 (233,26),
	 (233,29);
INSERT INTO MASCOTA_VALOR (MASCOTAS_MASCOTA_ID,VALORES_VALOR_ID) VALUES
	 (233,94),
	 (233,37),
	 (233,41),
	 (233,43),
	 (234,2),
	 (234,4),
	 (234,8),
	 (234,12),
	 (234,15),
	 (234,18);
INSERT INTO MASCOTA_VALOR (MASCOTAS_MASCOTA_ID,VALORES_VALOR_ID) VALUES
	 (234,26),
	 (234,29),
	 (234,41),
	 (234,43),
	 (235,1),
	 (235,4),
	 (235,8),
	 (235,12),
	 (235,15),
	 (235,91);
INSERT INTO MASCOTA_VALOR (MASCOTAS_MASCOTA_ID,VALORES_VALOR_ID) VALUES
	 (235,27),
	 (235,29),
	 (235,35),
	 (235,93),
	 (235,40),
	 (235,44),
	 (236,2),
	 (236,3),
	 (236,8),
	 (236,12);
INSERT INTO MASCOTA_VALOR (MASCOTAS_MASCOTA_ID,VALORES_VALOR_ID) VALUES
	 (236,15),
	 (236,21),
	 (236,27),
	 (236,29),
	 (236,94),
	 (236,93),
	 (236,41),
	 (236,43),
	 (237,2),
	 (237,4);
INSERT INTO MASCOTA_VALOR (MASCOTAS_MASCOTA_ID,VALORES_VALOR_ID) VALUES
	 (237,7),
	 (237,10),
	 (237,90),
	 (237,26),
	 (237,29),
	 (237,94),
	 (237,93),
	 (237,41),
	 (237,43),
	 (238,1);
INSERT INTO MASCOTA_VALOR (MASCOTAS_MASCOTA_ID,VALORES_VALOR_ID) VALUES
	 (238,3),
	 (238,7),
	 (238,12),
	 (238,14),
	 (238,19),
	 (238,26),
	 (238,34),
	 (238,93),
	 (238,40),
	 (238,43);
INSERT INTO MASCOTA_VALOR (MASCOTAS_MASCOTA_ID,VALORES_VALOR_ID) VALUES
	 (239,4),
	 (239,7),
	 (239,12),
	 (239,15),
	 (239,20),
	 (239,26),
	 (239,29),
	 (239,94),
	 (239,41),
	 (239,43);
INSERT INTO MASCOTA_VALOR (MASCOTAS_MASCOTA_ID,VALORES_VALOR_ID) VALUES
	 (240,1),
	 (240,3),
	 (240,8),
	 (240,26),
	 (240,29),
	 (240,34),
	 (240,41),
	 (240,43),
	 (241,1),
	 (241,8);
INSERT INTO MASCOTA_VALOR (MASCOTAS_MASCOTA_ID,VALORES_VALOR_ID) VALUES
	 (241,12),
	 (241,14),
	 (241,18),
	 (241,29),
	 (241,94),
	 (241,93),
	 (241,41),
	 (242,2),
	 (242,3),
	 (242,26);
INSERT INTO MASCOTA_VALOR (MASCOTAS_MASCOTA_ID,VALORES_VALOR_ID) VALUES
	 (242,29),
	 (242,94),
	 (242,93),
	 (242,41),
	 (242,44),
	 (243,2),
	 (243,5),
	 (243,8),
	 (243,12),
	 (243,14);
INSERT INTO MASCOTA_VALOR (MASCOTAS_MASCOTA_ID,VALORES_VALOR_ID) VALUES
	 (243,20),
	 (243,26),
	 (243,29),
	 (243,94),
	 (243,38),
	 (243,40),
	 (243,44),
	 (244,2),
	 (244,4),
	 (244,15);
INSERT INTO MASCOTA_VALOR (MASCOTAS_MASCOTA_ID,VALORES_VALOR_ID) VALUES
	 (244,18),
	 (244,24),
	 (244,27),
	 (244,94),
	 (244,93),
	 (244,41),
	 (244,43),
	 (245,2),
	 (245,4),
	 (245,8);
INSERT INTO MASCOTA_VALOR (MASCOTAS_MASCOTA_ID,VALORES_VALOR_ID) VALUES
	 (245,10),
	 (245,16),
	 (245,26),
	 (245,94),
	 (245,93),
	 (245,41),
	 (245,44),
	 (246,2),
	 (246,5),
	 (246,7);
INSERT INTO MASCOTA_VALOR (MASCOTAS_MASCOTA_ID,VALORES_VALOR_ID) VALUES
	 (246,26),
	 (246,34),
	 (246,37),
	 (246,41),
	 (246,43),
	 (247,4),
	 (247,8),
	 (247,12),
	 (247,16),
	 (247,18);
INSERT INTO MASCOTA_VALOR (MASCOTAS_MASCOTA_ID,VALORES_VALOR_ID) VALUES
	 (247,27),
	 (247,29),
	 (247,94),
	 (247,93),
	 (247,41),
	 (247,43),
	 (248,2),
	 (248,4),
	 (248,7),
	 (248,13);
INSERT INTO MASCOTA_VALOR (MASCOTAS_MASCOTA_ID,VALORES_VALOR_ID) VALUES
	 (248,14),
	 (248,19),
	 (248,24),
	 (248,26),
	 (248,29),
	 (248,94),
	 (248,37),
	 (248,41),
	 (248,43),
	 (249,2);
INSERT INTO MASCOTA_VALOR (MASCOTAS_MASCOTA_ID,VALORES_VALOR_ID) VALUES
	 (249,5),
	 (249,12),
	 (249,15),
	 (249,18),
	 (249,26),
	 (249,94),
	 (249,41),
	 (249,43),
	 (250,2),
	 (250,5);
INSERT INTO MASCOTA_VALOR (MASCOTAS_MASCOTA_ID,VALORES_VALOR_ID) VALUES
	 (250,7),
	 (250,13),
	 (250,15),
	 (250,20),
	 (250,22),
	 (250,29),
	 (250,94),
	 (250,38),
	 (250,43),
	 (251,1);
INSERT INTO MASCOTA_VALOR (MASCOTAS_MASCOTA_ID,VALORES_VALOR_ID) VALUES
	 (251,3),
	 (251,7),
	 (251,10),
	 (251,16),
	 (251,26),
	 (251,29),
	 (251,94),
	 (251,41),
	 (252,2),
	 (252,8);
INSERT INTO MASCOTA_VALOR (MASCOTAS_MASCOTA_ID,VALORES_VALOR_ID) VALUES
	 (252,12),
	 (252,17),
	 (252,18),
	 (252,26),
	 (252,95),
	 (252,93),
	 (252,42),
	 (252,43),
	 (253,7),
	 (253,12);
INSERT INTO MASCOTA_VALOR (MASCOTAS_MASCOTA_ID,VALORES_VALOR_ID) VALUES
	 (253,14),
	 (253,29),
	 (253,94),
	 (253,93),
	 (253,41),
	 (253,43),
	 (254,2),
	 (254,5),
	 (254,7),
	 (254,10);
INSERT INTO MASCOTA_VALOR (MASCOTAS_MASCOTA_ID,VALORES_VALOR_ID) VALUES
	 (254,15),
	 (254,27),
	 (254,95),
	 (254,94),
	 (254,93),
	 (254,41),
	 (254,44),
	 (255,5),
	 (255,12),
	 (255,19);
INSERT INTO MASCOTA_VALOR (MASCOTAS_MASCOTA_ID,VALORES_VALOR_ID) VALUES
	 (255,27),
	 (255,29),
	 (255,94),
	 (255,41),
	 (255,43),
	 (256,2),
	 (256,5),
	 (256,8),
	 (256,12),
	 (256,14);
INSERT INTO MASCOTA_VALOR (MASCOTAS_MASCOTA_ID,VALORES_VALOR_ID) VALUES
	 (256,20),
	 (256,26),
	 (256,29),
	 (256,94),
	 (256,41),
	 (256,43),
	 (257,1),
	 (257,3),
	 (257,7),
	 (257,12);
INSERT INTO MASCOTA_VALOR (MASCOTAS_MASCOTA_ID,VALORES_VALOR_ID) VALUES
	 (257,16),
	 (257,18),
	 (257,26),
	 (257,29),
	 (257,34),
	 (257,93),
	 (257,42),
	 (257,43),
	 (258,1),
	 (258,4);
INSERT INTO MASCOTA_VALOR (MASCOTAS_MASCOTA_ID,VALORES_VALOR_ID) VALUES
	 (258,7),
	 (258,13),
	 (258,14),
	 (258,21),
	 (258,23),
	 (258,27),
	 (258,29),
	 (258,35),
	 (258,93),
	 (258,41);
INSERT INTO MASCOTA_VALOR (MASCOTAS_MASCOTA_ID,VALORES_VALOR_ID) VALUES
	 (258,44),
	 (259,2),
	 (259,4),
	 (259,7),
	 (259,14),
	 (259,27),
	 (259,94),
	 (259,38),
	 (259,41),
	 (259,44);
INSERT INTO MASCOTA_VALOR (MASCOTAS_MASCOTA_ID,VALORES_VALOR_ID) VALUES
	 (260,2),
	 (260,3),
	 (260,7),
	 (260,10),
	 (260,16),
	 (260,26),
	 (260,29),
	 (260,94),
	 (260,93),
	 (260,41);
INSERT INTO MASCOTA_VALOR (MASCOTAS_MASCOTA_ID,VALORES_VALOR_ID) VALUES
	 (260,44),
	 (261,3),
	 (261,7),
	 (261,10),
	 (261,14),
	 (261,26),
	 (261,29),
	 (261,94),
	 (261,93),
	 (261,41);
INSERT INTO MASCOTA_VALOR (MASCOTAS_MASCOTA_ID,VALORES_VALOR_ID) VALUES
	 (261,44),
	 (262,2),
	 (262,5),
	 (262,10),
	 (262,15),
	 (262,27),
	 (262,29),
	 (262,94),
	 (262,93),
	 (262,43);
INSERT INTO MASCOTA_VALOR (MASCOTAS_MASCOTA_ID,VALORES_VALOR_ID) VALUES
	 (263,2),
	 (263,5),
	 (263,7),
	 (263,12),
	 (263,14),
	 (263,27),
	 (263,33),
	 (263,35),
	 (263,43),
	 (264,7);
INSERT INTO MASCOTA_VALOR (MASCOTAS_MASCOTA_ID,VALORES_VALOR_ID) VALUES
	 (264,12),
	 (264,18),
	 (264,26),
	 (264,93),
	 (264,41),
	 (264,43),
	 (265,1),
	 (265,3),
	 (265,12),
	 (265,20);
INSERT INTO MASCOTA_VALOR (MASCOTAS_MASCOTA_ID,VALORES_VALOR_ID) VALUES
	 (265,26),
	 (265,95),
	 (265,34),
	 (265,38),
	 (265,40),
	 (265,43),
	 (266,2),
	 (266,7),
	 (266,12),
	 (266,15);
INSERT INTO MASCOTA_VALOR (MASCOTAS_MASCOTA_ID,VALORES_VALOR_ID) VALUES
	 (266,26),
	 (266,29),
	 (266,94),
	 (266,41),
	 (266,43),
	 (267,1),
	 (267,3),
	 (267,7),
	 (267,10),
	 (267,16);
INSERT INTO MASCOTA_VALOR (MASCOTAS_MASCOTA_ID,VALORES_VALOR_ID) VALUES
	 (267,34),
	 (267,37),
	 (267,41),
	 (267,43),
	 (268,2),
	 (268,5),
	 (268,8),
	 (268,12),
	 (268,15),
	 (268,20);
INSERT INTO MASCOTA_VALOR (MASCOTAS_MASCOTA_ID,VALORES_VALOR_ID) VALUES
	 (268,27),
	 (268,29),
	 (268,35),
	 (268,38),
	 (268,42),
	 (268,44),
	 (269,2),
	 (269,5),
	 (269,8),
	 (269,15);
INSERT INTO MASCOTA_VALOR (MASCOTAS_MASCOTA_ID,VALORES_VALOR_ID) VALUES
	 (269,20),
	 (269,26),
	 (269,35),
	 (269,38),
	 (269,44),
	 (270,2),
	 (270,7),
	 (270,12),
	 (270,15),
	 (270,18);
INSERT INTO MASCOTA_VALOR (MASCOTAS_MASCOTA_ID,VALORES_VALOR_ID) VALUES
	 (270,26),
	 (270,29),
	 (270,35),
	 (270,38),
	 (270,42),
	 (270,43),
	 (271,2),
	 (271,3),
	 (271,8),
	 (271,12);
INSERT INTO MASCOTA_VALOR (MASCOTAS_MASCOTA_ID,VALORES_VALOR_ID) VALUES
	 (271,15),
	 (271,18),
	 (271,26),
	 (271,29),
	 (271,94),
	 (271,93),
	 (271,40),
	 (271,43),
	 (272,2),
	 (272,12);
INSERT INTO MASCOTA_VALOR (MASCOTAS_MASCOTA_ID,VALORES_VALOR_ID) VALUES
	 (272,16),
	 (272,18),
	 (272,26),
	 (272,34),
	 (272,41),
	 (272,43),
	 (273,2),
	 (273,3),
	 (273,8),
	 (273,10);
INSERT INTO MASCOTA_VALOR (MASCOTAS_MASCOTA_ID,VALORES_VALOR_ID) VALUES
	 (273,93),
	 (273,40),
	 (273,43),
	 (274,2),
	 (274,5),
	 (274,8),
	 (274,13),
	 (274,17),
	 (274,28),
	 (274,29);
INSERT INTO MASCOTA_VALOR (MASCOTAS_MASCOTA_ID,VALORES_VALOR_ID) VALUES
	 (274,35),
	 (274,93),
	 (274,44),
	 (275,3),
	 (275,8),
	 (275,10),
	 (275,14),
	 (275,28),
	 (275,29),
	 (275,41);
INSERT INTO MASCOTA_VALOR (MASCOTAS_MASCOTA_ID,VALORES_VALOR_ID) VALUES
	 (275,44),
	 (276,2),
	 (276,5),
	 (276,7),
	 (276,10),
	 (276,15),
	 (276,29),
	 (276,34),
	 (276,38),
	 (276,44);
INSERT INTO MASCOTA_VALOR (MASCOTAS_MASCOTA_ID,VALORES_VALOR_ID) VALUES
	 (277,2),
	 (277,5),
	 (277,7),
	 (277,10),
	 (277,15),
	 (277,26),
	 (277,94),
	 (277,93),
	 (277,43),
	 (278,2);
INSERT INTO MASCOTA_VALOR (MASCOTAS_MASCOTA_ID,VALORES_VALOR_ID) VALUES
	 (278,4),
	 (278,7),
	 (278,10),
	 (278,90),
	 (278,29),
	 (278,94),
	 (278,93),
	 (278,41),
	 (279,2),
	 (279,5);
INSERT INTO MASCOTA_VALOR (MASCOTAS_MASCOTA_ID,VALORES_VALOR_ID) VALUES
	 (279,7),
	 (279,12),
	 (279,15),
	 (279,20),
	 (279,26),
	 (279,29),
	 (279,94),
	 (279,43),
	 (280,2),
	 (280,5);
INSERT INTO MASCOTA_VALOR (MASCOTAS_MASCOTA_ID,VALORES_VALOR_ID) VALUES
	 (280,7),
	 (280,12),
	 (280,16),
	 (280,18),
	 (280,26),
	 (280,29),
	 (280,37),
	 (280,42),
	 (281,2),
	 (281,5);
INSERT INTO MASCOTA_VALOR (MASCOTAS_MASCOTA_ID,VALORES_VALOR_ID) VALUES
	 (281,7),
	 (281,12),
	 (281,15),
	 (281,20),
	 (281,26),
	 (281,29),
	 (281,94),
	 (281,93),
	 (281,41),
	 (282,3);
INSERT INTO MASCOTA_VALOR (MASCOTAS_MASCOTA_ID,VALORES_VALOR_ID) VALUES
	 (282,7),
	 (282,16),
	 (282,18),
	 (282,26),
	 (282,29),
	 (282,94),
	 (282,38),
	 (282,41),
	 (283,3),
	 (283,7);
INSERT INTO MASCOTA_VALOR (MASCOTAS_MASCOTA_ID,VALORES_VALOR_ID) VALUES
	 (283,12),
	 (283,16),
	 (283,19),
	 (283,28),
	 (283,29),
	 (283,94),
	 (283,36),
	 (283,44),
	 (284,2),
	 (284,4);
INSERT INTO MASCOTA_VALOR (MASCOTAS_MASCOTA_ID,VALORES_VALOR_ID) VALUES
	 (284,10),
	 (284,90),
	 (284,95),
	 (284,94),
	 (284,42),
	 (284,43),
	 (285,2),
	 (285,4),
	 (285,7),
	 (285,10);
INSERT INTO MASCOTA_VALOR (MASCOTAS_MASCOTA_ID,VALORES_VALOR_ID) VALUES
	 (285,16),
	 (285,26),
	 (285,95),
	 (285,35),
	 (285,42),
	 (285,43),
	 (286,2),
	 (286,5),
	 (286,8),
	 (286,10);
INSERT INTO MASCOTA_VALOR (MASCOTAS_MASCOTA_ID,VALORES_VALOR_ID) VALUES
	 (286,16),
	 (286,26),
	 (286,29),
	 (286,34),
	 (286,93),
	 (286,41),
	 (286,44),
	 (287,4),
	 (287,8),
	 (287,90);
INSERT INTO MASCOTA_VALOR (MASCOTAS_MASCOTA_ID,VALORES_VALOR_ID) VALUES
	 (287,26),
	 (287,95),
	 (287,94),
	 (287,41),
	 (287,43),
	 (288,4),
	 (288,14),
	 (288,26),
	 (288,29),
	 (288,94);
INSERT INTO MASCOTA_VALOR (MASCOTAS_MASCOTA_ID,VALORES_VALOR_ID) VALUES
	 (288,93),
	 (288,41),
	 (289,1),
	 (289,7),
	 (289,12),
	 (289,20),
	 (289,26),
	 (289,95),
	 (289,94),
	 (289,93);
INSERT INTO MASCOTA_VALOR (MASCOTAS_MASCOTA_ID,VALORES_VALOR_ID) VALUES
	 (289,41),
	 (289,43),
	 (290,2),
	 (290,5),
	 (290,7),
	 (290,10),
	 (290,14),
	 (290,26),
	 (290,94),
	 (290,93);
INSERT INTO MASCOTA_VALOR (MASCOTAS_MASCOTA_ID,VALORES_VALOR_ID) VALUES
	 (290,41),
	 (290,43),
	 (291,1),
	 (291,4),
	 (291,7),
	 (291,26),
	 (291,95),
	 (291,94),
	 (291,41),
	 (291,43);
INSERT INTO MASCOTA_VALOR (MASCOTAS_MASCOTA_ID,VALORES_VALOR_ID) VALUES
	 (292,2),
	 (292,5),
	 (292,12),
	 (292,16),
	 (292,18),
	 (292,26),
	 (292,29),
	 (292,36),
	 (292,39),
	 (292,44);
INSERT INTO MASCOTA_VALOR (MASCOTAS_MASCOTA_ID,VALORES_VALOR_ID) VALUES
	 (293,1),
	 (293,8),
	 (293,12),
	 (293,16),
	 (293,18),
	 (293,26),
	 (293,94),
	 (293,93),
	 (293,41),
	 (293,43);
INSERT INTO MASCOTA_VALOR (MASCOTAS_MASCOTA_ID,VALORES_VALOR_ID) VALUES
	 (294,2),
	 (294,4),
	 (294,12),
	 (294,15),
	 (294,18),
	 (294,29),
	 (294,94),
	 (294,38),
	 (294,43),
	 (295,2);
INSERT INTO MASCOTA_VALOR (MASCOTAS_MASCOTA_ID,VALORES_VALOR_ID) VALUES
	 (295,5),
	 (295,7),
	 (295,10),
	 (295,14),
	 (295,26),
	 (295,29),
	 (295,94),
	 (295,93),
	 (295,42),
	 (296,2);
INSERT INTO MASCOTA_VALOR (MASCOTAS_MASCOTA_ID,VALORES_VALOR_ID) VALUES
	 (296,5),
	 (296,7),
	 (296,12),
	 (296,14),
	 (296,27),
	 (296,29),
	 (296,93),
	 (296,41),
	 (297,2),
	 (297,3);
INSERT INTO MASCOTA_VALOR (MASCOTAS_MASCOTA_ID,VALORES_VALOR_ID) VALUES
	 (297,7),
	 (297,12),
	 (297,14),
	 (297,29),
	 (297,94),
	 (297,93),
	 (297,41),
	 (297,43),
	 (298,1),
	 (298,4);
INSERT INTO MASCOTA_VALOR (MASCOTAS_MASCOTA_ID,VALORES_VALOR_ID) VALUES
	 (298,8),
	 (298,13),
	 (298,16),
	 (298,22),
	 (298,26),
	 (298,29),
	 (298,94),
	 (298,93),
	 (298,42),
	 (298,43);
INSERT INTO MASCOTA_VALOR (MASCOTAS_MASCOTA_ID,VALORES_VALOR_ID) VALUES
	 (299,1),
	 (299,7),
	 (299,12),
	 (299,20),
	 (299,26),
	 (299,29),
	 (299,94),
	 (299,93),
	 (299,41),
	 (299,43);
INSERT INTO MASCOTA_VALOR (MASCOTAS_MASCOTA_ID,VALORES_VALOR_ID) VALUES
	 (300,3),
	 (300,8),
	 (300,12),
	 (300,90),
	 (300,18),
	 (300,26),
	 (300,95),
	 (300,94),
	 (300,37),
	 (300,41);
INSERT INTO MASCOTA_VALOR (MASCOTAS_MASCOTA_ID,VALORES_VALOR_ID) VALUES
	 (300,43),
	 (301,3),
	 (301,13),
	 (301,15),
	 (301,24),
	 (301,26),
	 (301,29),
	 (301,94),
	 (301,93),
	 (301,41);
INSERT INTO MASCOTA_VALOR (MASCOTAS_MASCOTA_ID,VALORES_VALOR_ID) VALUES
	 (302,2),
	 (302,3),
	 (302,7),
	 (302,10),
	 (302,90),
	 (302,28),
	 (302,29),
	 (302,94),
	 (302,37),
	 (302,41);
INSERT INTO MASCOTA_VALOR (MASCOTAS_MASCOTA_ID,VALORES_VALOR_ID) VALUES
	 (302,43),
	 (303,2),
	 (303,5),
	 (303,7),
	 (303,15),
	 (303,29),
	 (303,94),
	 (303,38),
	 (303,42),
	 (303,43);
INSERT INTO MASCOTA_VALOR (MASCOTAS_MASCOTA_ID,VALORES_VALOR_ID) VALUES
	 (304,2),
	 (304,5),
	 (304,7),
	 (304,12),
	 (304,18),
	 (304,27),
	 (304,29),
	 (304,94),
	 (304,93),
	 (304,41);
INSERT INTO MASCOTA_VALOR (MASCOTAS_MASCOTA_ID,VALORES_VALOR_ID) VALUES
	 (304,43),
	 (305,2),
	 (305,5),
	 (305,7),
	 (305,10),
	 (305,15),
	 (305,27),
	 (305,95),
	 (305,94),
	 (305,93);
INSERT INTO MASCOTA_VALOR (MASCOTAS_MASCOTA_ID,VALORES_VALOR_ID) VALUES
	 (305,42),
	 (306,2),
	 (306,8),
	 (306,12),
	 (306,15),
	 (306,91),
	 (306,28),
	 (306,29),
	 (306,94),
	 (306,37);
INSERT INTO MASCOTA_VALOR (MASCOTAS_MASCOTA_ID,VALORES_VALOR_ID) VALUES
	 (306,42),
	 (306,43),
	 (307,2),
	 (307,5),
	 (307,8),
	 (307,10),
	 (307,16),
	 (307,26),
	 (307,93),
	 (307,42);
INSERT INTO MASCOTA_VALOR (MASCOTAS_MASCOTA_ID,VALORES_VALOR_ID) VALUES
	 (307,43),
	 (308,2),
	 (308,3),
	 (308,7),
	 (308,12),
	 (308,14),
	 (308,20),
	 (308,26),
	 (308,95),
	 (308,94);
INSERT INTO MASCOTA_VALOR (MASCOTAS_MASCOTA_ID,VALORES_VALOR_ID) VALUES
	 (308,93),
	 (308,42),
	 (308,43),
	 (309,2),
	 (309,5),
	 (309,7),
	 (309,12),
	 (309,15),
	 (309,26),
	 (309,94);
INSERT INTO MASCOTA_VALOR (MASCOTAS_MASCOTA_ID,VALORES_VALOR_ID) VALUES
	 (309,93),
	 (309,41),
	 (310,2),
	 (310,5),
	 (310,12),
	 (310,90),
	 (310,18),
	 (310,26),
	 (310,29),
	 (310,93);
INSERT INTO MASCOTA_VALOR (MASCOTAS_MASCOTA_ID,VALORES_VALOR_ID) VALUES
	 (310,40),
	 (310,43),
	 (311,1),
	 (311,3),
	 (311,7),
	 (311,12),
	 (311,90),
	 (311,19),
	 (311,27),
	 (311,29);
INSERT INTO MASCOTA_VALOR (MASCOTAS_MASCOTA_ID,VALORES_VALOR_ID) VALUES
	 (311,38),
	 (312,3),
	 (312,7),
	 (312,10),
	 (312,15),
	 (312,28),
	 (312,29),
	 (312,94),
	 (312,93),
	 (312,44);
INSERT INTO MASCOTA_VALOR (MASCOTAS_MASCOTA_ID,VALORES_VALOR_ID) VALUES
	 (313,1),
	 (313,4),
	 (313,7),
	 (313,19),
	 (313,27),
	 (313,94),
	 (313,41),
	 (313,44),
	 (314,2),
	 (314,3);
INSERT INTO MASCOTA_VALOR (MASCOTAS_MASCOTA_ID,VALORES_VALOR_ID) VALUES
	 (314,7),
	 (314,10),
	 (314,14),
	 (314,28),
	 (314,34),
	 (314,40),
	 (314,43),
	 (315,2),
	 (315,3),
	 (315,8);
INSERT INTO MASCOTA_VALOR (MASCOTAS_MASCOTA_ID,VALORES_VALOR_ID) VALUES
	 (315,13),
	 (315,90),
	 (315,19),
	 (315,26),
	 (315,29),
	 (315,34),
	 (315,37),
	 (315,44),
	 (316,2),
	 (316,3);
INSERT INTO MASCOTA_VALOR (MASCOTAS_MASCOTA_ID,VALORES_VALOR_ID) VALUES
	 (316,7),
	 (316,12),
	 (316,26),
	 (316,29),
	 (316,93),
	 (316,41),
	 (316,43),
	 (317,1),
	 (317,4),
	 (317,7);
INSERT INTO MASCOTA_VALOR (MASCOTAS_MASCOTA_ID,VALORES_VALOR_ID) VALUES
	 (317,13),
	 (317,15),
	 (317,18),
	 (317,24),
	 (317,28),
	 (317,29),
	 (317,34),
	 (317,37),
	 (317,41),
	 (317,43);
INSERT INTO MASCOTA_VALOR (MASCOTAS_MASCOTA_ID,VALORES_VALOR_ID) VALUES
	 (318,4),
	 (318,7),
	 (318,10),
	 (318,26),
	 (318,95),
	 (318,40),
	 (318,43),
	 (319,2),
	 (319,3),
	 (319,8);
INSERT INTO MASCOTA_VALOR (MASCOTAS_MASCOTA_ID,VALORES_VALOR_ID) VALUES
	 (319,12),
	 (319,15),
	 (319,20),
	 (319,28),
	 (319,29),
	 (319,94),
	 (319,42),
	 (319,43),
	 (320,1),
	 (320,4);
INSERT INTO MASCOTA_VALOR (MASCOTAS_MASCOTA_ID,VALORES_VALOR_ID) VALUES
	 (320,7),
	 (320,10),
	 (320,14),
	 (320,26),
	 (320,95),
	 (320,94),
	 (320,93),
	 (320,41),
	 (320,44);

INSERT INTO MASCOTASENTRENADAS (MASCOTA_ENTRENADA_ID,ORDEN,MODELO_ID,MASCOTA_ID) VALUES
	 (1,1,1,1),
	 (2,2,1,2),
	 (3,3,1,3),
	 (4,4,1,4),
	 (5,5,1,5),
	 (6,6,1,6),
	 (7,7,1,7),
	 (8,8,1,8),
	 (9,9,1,9),
	 (10,10,1,10),
-- INSERT INTO MASCOTA (MASCOTA_ID,NOMBRE,ESPECIE_ID) VALUES
	 (11,11,1,11),
	 (12,12,1,12),
	 (13,13,1,13),
	 (14,14,1,14),
	 (15,15,1,15),
	 (16,16,1,16),
	 (17,17,1,17),
	 (18,18,1,18),
	 (19,19,1,19),
	 (20,20,1,20),
-- INSERT INTO MASCOTA (MASCOTA_ID,NOMBRE,ESPECIE_ID) VALUES
	 (21,21,1,21),
	 (22,22,1,22),
	 (23,23,1,23),
	 (24,24,1,24),
	 (25,25,1,25),
	 (26,26,1,26),
	 (27,27,1,27),
	 (28,28,1,28),
	 (29,29,1,29),
	 (30,30,1,30),
-- INSERT INTO MASCOTA (MASCOTA_ID,NOMBRE,ESPECIE_ID) VALUES
	 (31,31,1,31),
	 (32,32,1,32),
	 (33,33,1,33),
	 (34,34,1,34),
	 (35,35,1,35),
	 (36,36,1,36),
	 (37,37,1,37),
	 (38,38,1,38),
	 (39,39,1,39),
	 (40,40,1,40),
-- INSERT INTO MASCOTA (MASCOTA_ID,NOMBRE,ESPECIE_ID) VALUES
	 (41,41,1,41),
	 (42,42,1,42),
	 (43,43,1,43),
	 (44,44,1,44),
	 (45,45,1,45),
	 (46,46,1,46),
	 (47,47,1,47),
	 (48,48,1,48),
	 (49,49,1,49),
	 (50,50,1,50),
-- INSERT INTO MASCOTA (MASCOTA_ID,NOMBRE,ESPECIE_ID) VALUES
	 (51,51,1,51),
	 (52,52,1,52),
	 (53,53,1,53),
	 (54,54,1,54),
	 (55,55,1,55),
	 (56,56,1,56),
	 (57,57,1,57),
	 (58,58,1,58),
	 (59,59,1,59),
	 (60,60,1,60),
-- INSERT INTO MASCOTA (MASCOTA_ID,NOMBRE,ESPECIE_ID) VALUES
	 (61,61,1,61),
	 (62,62,1,62),
	 (63,63,1,63),
	 (64,64,1,64),
	 (65,65,1,65),
	 (66,66,1,66),
	 (67,67,1,67),
	 (68,68,1,68),
	 (69,69,1,69),
	 (70,70,1,70),
-- INSERT INTO MASCOTA (MASCOTA_ID,NOMBRE,ESPECIE_ID) VALUES
	 (71,71,1,71),
	 (72,72,1,72),
	 (73,73,1,73),
	 (74,74,1,74),
	 (75,75,1,75),
	 (76,76,1,76),
	 (77,77,1,77),
	 (78,78,1,78),
	 (79,79,1,79),
	 (80,80,1,80),
-- INSERT INTO MASCOTA (MASCOTA_ID,NOMBRE,ESPECIE_ID) VALUES
	 (81,81,1,81),
	 (82,82,1,82),
	 (83,83,1,83),
	 (84,84,1,84),
	 (85,85,1,85),
	 (86,86,1,86),
	 (87,87,1,87),
	 (88,88,1,88),
	 (89,89,1,89),
	 (90,90,1,90),
-- INSERT INTO MASCOTA (MASCOTA_ID,NOMBRE,ESPECIE_ID) VALUES
	 (91,91,1,91),
	 (92,92,1,92),
	 (93,93,1,93),
	 (94,94,1,94),
	 (95,95,1,95),
	 (96,96,1,96),
	 (97,97,1,97),
	 (98,98,1,98),
	 (99,99,1,99),
	 (100,100,1,100),
-- INSERT INTO MASCOTA (MASCOTA_ID,NOMBRE,ESPECIE_ID) VALUES
	 (101,101,1,101),
	 (102,102,1,102),
	 (103,103,1,103),
	 (104,104,1,104),
	 (105,105,1,105),
	 (106,106,1,106),
	 (107,107,1,107),
	 (108,108,1,108),
	 (109,109,1,109),
	 (110,110,1,110),
-- INSERT INTO MASCOTA (MASCOTA_ID,NOMBRE,ESPECIE_ID) VALUES
	 (111,111,1,111),
	 (112,112,1,112),
	 (113,113,1,113),
	 (114,114,1,114),
	 (115,115,1,115),
	 (116,116,1,116),
	 (117,117,1,117),
	 (118,118,1,118),
	 (119,119,1,119),
	 (120,120,1,120),
-- INSERT INTO MASCOTA (MASCOTA_ID,NOMBRE,ESPECIE_ID) VALUES
	 (121,121,1,121),
	 (122,122,1,122),
	 (123,123,1,123),
	 (124,124,1,124),
	 (125,125,1,125),
	 (126,126,1,126),
	 (127,127,1,127),
	 (128,128,1,128),
	 (129,129,1,129),
	 (130,130,1,130),
-- INSERT INTO MASCOTA (MASCOTA_ID,NOMBRE,ESPECIE_ID) VALUES
	 (131,131,1,131),
	 (132,132,1,132),
	 (133,133,1,133),
	 (134,134,1,134),
	 (135,135,1,135),
	 (136,136,1,136),
	 (137,137,1,137),
	 (138,138,1,138),
	 (139,139,1,139),
	 (140,140,1,140),
-- INSERT INTO MASCOTA (MASCOTA_ID,NOMBRE,ESPECIE_ID) VALUES
	 (141,141,1,141),
	 (142,142,1,142),
	 (143,143,1,143),
	 (144,144,1,144),
	 (145,145,1,145),
	 (146,146,1,146),
	 (147,147,1,147),
	 (148,148,1,148),
	 (149,149,1,149),
	 (150,150,1,150),
-- INSERT INTO MASCOTA (MASCOTA_ID,NOMBRE,ESPECIE_ID) VALUES
	 (151,151,1,151),
	 (152,152,1,152),
	 (153,153,1,153),
	 (154,154,1,154),
	 (155,155,1,155),
	 (156,156,1,156),
	 (157,157,1,157),
	 (158,158,1,158),
	 (159,159,1,159),
	 (160,160,1,160),
-- INSERT INTO MASCOTA (MASCOTA_ID,NOMBRE,ESPECIE_ID) VALUES
	 (161,161,1,161),
	 (162,162,1,162),
	 (163,163,1,163),
	 (164,164,1,164),
	 (165,165,1,165),
	 (166,166,1,166),
	 (167,167,1,167),
	 (168,168,1,168),
	 (169,169,1,169),
	 (170,170,1,170),
-- INSERT INTO MASCOTA (MASCOTA_ID,NOMBRE,ESPECIE_ID) VALUES
	 (171,171,1,171),
	 (172,172,1,172),
	 (173,173,1,173),
	 (174,174,1,174),
	 (175,175,1,175),
	 (176,176,1,176),
	 (177,177,1,177),
	 (178,178,1,178),
	 (179,179,1,179),
	 (180,180,1,180),
-- INSERT INTO MASCOTA (MASCOTA_ID,NOMBRE,ESPECIE_ID) VALUES
	 (181,181,1,181),
	 (182,182,1,182),
	 (183,183,1,183),
	 (184,184,1,184),
	 (185,185,1,185),
	 (186,186,1,186),
	 (187,187,1,187),
	 (188,188,1,188),
	 (189,189,1,189),
	 (190,190,1,190),
-- INSERT INTO MASCOTA (MASCOTA_ID,NOMBRE,ESPECIE_ID) VALUES
	 (191,191,1,191),
	 (192,192,1,192),
	 (193,193,1,193),
	 (194,194,1,194),
	 (195,195,1,195),
	 (196,196,1,196),
	 (197,197,1,197),
	 (198,198,1,198),
	 (199,199,1,199),
	 (200,200,1,200),
-- INSERT INTO MASCOTA (MASCOTA_ID,NOMBRE,ESPECIE_ID) VALUES
	 (201,201,1,201),
	 (202,202,1,202),
	 (203,203,1,203),
	 (204,204,1,204),
	 (205,205,1,205),
	 (206,206,1,206),
	 (207,207,1,207),
	 (208,208,1,208),
	 (209,209,1,209),
	 (210,210,1,210),
-- INSERT INTO MASCOTA (MASCOTA_ID,NOMBRE,ESPECIE_ID) VALUES
	 (211,211,1,211),
	 (212,212,1,212),
	 (213,213,1,213),
	 (214,214,1,214),
	 (215,215,1,215),
	 (216,216,1,216),
	 (217,217,1,217),
	 (218,218,1,218),
	 (219,219,1,219),
	 (220,220,1,220),
-- INSERT INTO MASCOTA (MASCOTA_ID,NOMBRE,ESPECIE_ID) VALUES
	 (221,221,1,221),
	 (222,222,1,222),
	 (223,223,1,223),
	 (224,224,1,224),
	 (225,225,1,225),
	 (226,226,1,226),
	 (227,227,1,227),
	 (228,228,1,228),
	 (229,229,1,229),
	 (230,230,1,230),
-- INSERT INTO MASCOTA (MASCOTA_ID,NOMBRE,ESPECIE_ID) VALUES
	 (231,231,1,231),
	 (232,232,1,232),
	 (233,233,1,233),
	 (234,234,1,234),
	 (235,235,1,235),
	 (236,236,1,236),
	 (237,237,1,237),
	 (238,238,1,238),
	 (239,239,1,239),
	 (240,240,1,240),
-- INSERT INTO MASCOTA (MASCOTA_ID,NOMBRE,ESPECIE_ID) VALUES
	 (241,241,1,241),
	 (242,242,1,242),
	 (243,243,1,243),
	 (244,244,1,244),
	 (245,245,1,245),
	 (246,246,1,246),
	 (247,247,1,247),
	 (248,248,1,248),
	 (249,249,1,249),
	 (250,250,1,250),
-- INSERT INTO MASCOTA (MASCOTA_ID,NOMBRE,ESPECIE_ID) VALUES
	 (251,251,1,251),
	 (252,252,1,252),
	 (253,253,1,253),
	 (254,254,1,254),
	 (255,255,1,255),
	 (256,256,1,256),
	 (257,257,1,257),
	 (258,258,1,258),
	 (259,259,1,259),
	 (260,260,1,260),
-- INSERT INTO MASCOTA (MASCOTA_ID,NOMBRE,ESPECIE_ID) VALUES
	 (261,261,1,261),
	 (262,262,1,262),
	 (263,263,1,263),
	 (264,264,1,264),
	 (265,265,1,265),
	 (266,266,1,266),
	 (267,267,1,267),
	 (268,268,1,268),
	 (269,269,1,269),
	 (270,270,1,270),
-- INSERT INTO MASCOTA (MASCOTA_ID,NOMBRE,ESPECIE_ID) VALUES
	 (271,271,1,271),
	 (272,272,1,272),
	 (273,273,1,273),
	 (274,274,1,274),
	 (275,275,1,275),
	 (276,276,1,276),
	 (277,277,1,277),
	 (278,278,1,278),
	 (279,279,1,279),
	 (280,280,1,280),
-- INSERT INTO MASCOTA (MASCOTA_ID,NOMBRE,ESPECIE_ID) VALUES
	 (281,281,1,281),
	 (282,282,1,282),
	 (283,283,1,283),
	 (284,284,1,284),
	 (285,285,1,285),
	 (286,286,1,286),
	 (287,287,1,287),
	 (288,288,1,288),
	 (289,289,1,289),
	 (290,290,1,290),
-- INSERT INTO MASCOTA (MASCOTA_ID,NOMBRE,ESPECIE_ID) VALUES
	 (291,291,1,291),
	 (292,292,1,292),
	 (293,293,1,293),
	 (294,294,1,294),
	 (295,295,1,295),
	 (296,296,1,296),
	 (297,297,1,297),
	 (298,298,1,298),
	 (299,299,1,299),
	 (300,300,1,300),
-- INSERT INTO MASCOTA (MASCOTA_ID,NOMBRE,ESPECIE_ID) VALUES
	 (301,301,1,301),
	 (302,302,1,302),
	 (303,303,1,303),
	 (304,304,1,304),
	 (305,305,1,305),
	 (306,306,1,306),
	 (307,307,1,307),
	 (308,308,1,308),
	 (309,309,1,309),
	 (310,310,1,310),
-- INSERT INTO MASCOTA (MASCOTA_ID,NOMBRE,ESPECIE_ID) VALUES
	 (311,311,1,311),
	 (312,312,1,312),
	 (313,313,1,313),
	 (314,314,1,314),
	 (315,315,1,315),
	 (316,316,1,316),
	 (317,317,1,317),
	 (318,318,1,318),
	 (319,319,1,319),
	 (320,320,1,320);